PCA1,PCA2,PCA3,PCA4,PCA5,PCA6,PCA7,PCA8,PCA9,PCA10,PCA11,PCA12,PCA13,PCA14,PCA15,PCA16,PCA17,PCA18,PCA19,PCA20,PCA21,PCA22,PCA23,PCA24,PCA25,PCA26,region,sub-region,cluster
-0.6438049977658438,2.1911359948372997,0.321807692096526,-1.441854684828614,0.171220108032294,0.1498579646012024,-0.4715426908276996,-0.2061511764773969,-0.0604491658585707,0.3422542278922192,-0.0656895849723494,0.3085425355930907,1.6211835830770382,0.2572747690992947,-0.7824094287480197,0.1453756031905697,-0.1861540880512579,0.6061482602035217,-0.352419343319796,0.5358562634674582,-0.5623250298596425,-0.3572431542672125,0.1713897846631871,0.092316372782715,0.2492224931959489,-0.0750662193176863,Europe,Southern Europe,0
-1.2990585092912164,-1.662511631602091,2.9660264599458515,-1.4777201016775314,1.362689125066578,-0.4440108923651101,0.4868244949089205,-0.0449995044993543,-0.1177225018536559,-1.032081852110904,-0.0543390205010091,-0.8421223460575803,-0.0254797454118179,0.0652295805786115,-0.2805343687751885,0.0527255527131371,0.2891817913495273,-1.1616399592881987,0.1326475540946241,0.6828344224297489,-0.4422277390969374,-0.5555205780115334,0.1664130626232076,0.0024645452696629,-0.1025645473260153,-0.0017282824116437,Africa,Northern Africa,0
4.710351335395496,-1.789951591572585,-1.1559777655559405,0.5979631021046643,2.055440106640036,-1.4766134517525686,0.8937464667207426,-0.6159021555078646,-0.8994343255521241,0.7174014602997132,-0.9170112097223688,-1.700350939365174,2.031055670294321,-0.3633232040820109,-0.0675101028003155,-1.1515888485507544,-0.3206417975381099,-0.0871884002492865,0.2678517576054142,0.3640751412831496,-0.8532579503894606,-0.2225142127712611,-0.5192798789462473,-0.2916662909636895,-0.9789073336392566,0.6444496499756668,Africa,Sub-Saharan Africa,1
-1.169204372431149,-0.037534945273338,1.189765072804674,0.6389264846046312,-0.2418798418872919,-0.00190087272314,-0.287296948044519,0.5955943973700105,1.3576934806709835,-1.4320656302149914,-1.164635364888248,-0.906616953180145,0.0591221486533858,0.5158139959464957,0.7647116502445772,-0.9362395707515004,-0.344227160682201,0.9007728838900968,0.170087097169946,0.3480058138962636,0.0859002321590075,0.2554771177799467,-0.6025484157553168,1.2176862216311142,0.3506135147474529,-0.0002393434556846,Americas,Latin America and the Caribbean,0
-2.0811423248294405,1.4097225483364315,0.5316035309976438,-0.044671488801662,0.6168546401347551,0.0407061270543552,-0.1931879792989923,0.2736940206987254,-0.8071408430287754,-0.1465718020755977,-1.6517551159291046,-0.5054525064426442,0.0984016669420905,-1.0358553020450672,-0.2980488592258922,0.4251129737927725,0.1310274549426094,-0.6915478377075329,1.037101186851496,-0.3028546777750326,0.3670276082123855,-0.5838648641110171,-0.2727450094484566,-0.1331102566838932,0.1026810383056993,-0.1651156048493983,Americas,Latin America and the Caribbean,0
-0.4175112701409227,1.202809380145892,2.528205322994427,-0.2302765914512608,0.4229605858967742,1.0827232531184483,-0.8952509918647462,-1.4748533096101346,0.2230524748441159,0.7731811996118496,-1.4917078634927583,-0.0237601903549794,0.2161011366149277,-0.29132465719396,0.1917006595042382,-0.101211655484739,0.3217480140781912,0.702504378255857,-0.131587285853424,0.29835552004896,-0.0473021432223212,-0.3832471338510027,-0.1530611138218615,0.439572323113512,0.262662921498378,0.2831350650837955,Asia,Western Asia,0
-2.692732111390044,1.7166181844939286,1.7331835430167717,-0.5086714089230365,0.8535177575679752,-0.2918505797711381,0.2216376742520139,-0.4478513863427618,1.277637635152068,0.3752804866508623,-0.5768570833740222,0.2226664776339354,-0.6953371239893733,-0.5910814463628616,1.2053129699438925,-1.347212965942966,0.6016024186586453,0.2005975098232436,0.6291973989826345,-0.7559002338019687,-1.0490540578278833,-0.4224377207133464,-0.2850333679469926,1.705844355714419,0.1178161856223987,-0.4231902361663762,Americas,Latin America and the Caribbean,0
-5.168061441174713,0.8740877985210461,-1.3971388147401895,1.483287932173537,-0.5807072688245156,-0.5579065405731762,0.4531837367319932,0.2645191701011121,0.321778847362143,0.946046066132778,0.9965113960412504,-0.0860357561912524,-0.1116331726844602,0.2888886366777857,0.5688325777474904,-0.4460352892149228,-0.5740584415458707,-0.8055732137856453,0.5399997932155775,0.1476188369049931,-1.371009059182567,-0.1879036442181279,0.0262674744644643,0.1412486786638359,0.3623813190596885,0.1954354053457317,Oceania,Australia and New Zealand,0
-4.008664372658312,1.2544977445824268,-2.3308663554062896,-0.0956203166598759,0.1960808300616716,-0.0610549301425655,-0.1449722114026345,-0.3916315854857864,-0.4656374467843616,-0.0400306553580711,0.4514252694853339,0.9982875773151952,0.2932252470633917,-0.535692657578493,0.804981498835689,-0.4512481413127176,0.162274983842907,-0.197339238343101,-0.5504402230687625,-0.0073857366391576,-0.5477177887957382,0.6784284041137054,-0.7317554805013292,0.4723171252271983,0.6722722179026385,-0.3034566994227823,Europe,Western Europe,0
-1.0246449068756476,-2.314209520525704,1.285582052924265,0.0059142995803451,0.0623036210954518,-0.4672333253626454,-0.9347745389524016,1.1380029884286644,-1.0242258042619006,-0.2641228019623544,-1.524463625795201,-0.4742003824679554,0.244305175808278,0.1847649573323545,-0.6473231397001843,-1.0272761227128977,0.361014350046122,0.2479320007887289,-0.2047647520088849,1.0615691587173643,0.3189703601355083,-0.1660979242706718,0.6472033712653621,0.4904921046013368,-0.0546052164853565,0.2417291112136384,Asia,Western Asia,0
-1.1755105685361114,-1.0155556847191125,0.4726566344794559,1.8319236877547105,0.3468805672087347,1.7386322075765623,-1.664325332057178,-2.175446591171177,-0.0610228543398258,0.714563728235852,-1.2782403704300276,-0.1233911149185192,-0.052040533926455,-0.2439793433330267,1.0321902252914683,-0.1279511493148198,0.9120659760641548,0.989691064446579,0.4187924815502999,-0.5334557549208181,-0.1015498918590111,-0.4544210484246505,-0.3288171009771818,0.2818112615464314,-0.0868955185975368,0.2757778508262278,Americas,Latin America and the Caribbean,0
-3.5694709675645218,-3.1252930159299304,0.7494579550228733,1.2462564194287395,-0.3584777817325327,-0.749971872366466,-0.3810443988443611,0.8040181942183562,0.2311304585705687,0.1524297960306731,0.4603366768494086,0.6089882139844117,0.3389480995964187,-0.5460416169801292,0.9086033439660788,0.5570693545353205,-0.7449379546008883,0.2248211672670237,0.95748832484767,-0.7638001960803985,0.6348772673649044,0.0607305377159603,-1.0081599430053034,-0.738174458856413,0.3218962161328521,-0.0908114578479722,Asia,Western Asia,0
1.9296258088622396,-2.2267739009288423,0.472132646070405,-1.847862504237923,-0.8982604900913596,0.7391171786690569,-0.1060536786025499,-0.0405053074420437,0.8099735863142897,-0.8239673396593548,0.6196663389005992,-1.508060102429192,0.5400685337510616,0.6142011985626318,-0.7272545625389482,0.4083898460276453,0.3025481313444288,0.5282781751482628,1.1734412668396177,-0.6831752652853805,0.1123233178170224,1.358871165514533,-0.1088679175041651,-0.1886894174236564,0.3478074215039343,-0.1992686266936751,Asia,Southern Asia,1
-1.7528252717260937,1.3268187220037269,0.5854558549939709,0.7334835536132217,-1.3278295068280714,0.5862147212417798,-0.9052318238561844,-0.1332713704019349,1.2657361995993568,0.2101725880958936,0.2026159518313278,-0.4822112506414849,0.1539257776687619,-0.5199822707772309,-0.9470161166757616,-0.233336966517008,-0.5589662222334599,-0.5136253344306457,-0.0707864308645289,0.3787593654526018,0.1821140980854473,1.3528712241442291,-0.1561365133636801,1.3437465744146304,-0.2576503249765552,0.4038694612554355,Americas,Latin America and the Caribbean,0
-2.0649559506616493,-0.7211563429224623,1.0660176778092003,-0.7225542812736084,-0.5367246705475367,-0.0966316091000075,-0.881434278676228,1.0017178636610709,-1.1034600469399862,0.6981867813129335,-0.1697491468257009,-1.0512766515315408,-0.1163054827646546,0.7602280678838795,0.1192759888473152,-0.1260426564192279,0.1750351295282558,-0.6042268119142185,1.0236782874352877,-0.1592156661627253,0.0990063734802634,-0.73988844345729,0.0936199619925927,-0.4869218113719765,-0.2641049837107062,-0.4119357989831307,Europe,Eastern Europe,0
-4.656554068276332,1.6069387565984892,-1.286051472406097,0.550864376508961,0.5666145593597325,-0.7166110654152266,-0.2788739386576616,-0.1071749877819177,-0.7145819249915374,0.1555598147377576,-0.0440314816132387,-0.0642231710810058,-1.1002645259295951,0.1429285869700254,-0.5007686100439926,-0.051217398183885,-0.5033487247380471,-0.7767191302693758,0.8658784185729509,-0.199880963084684,0.2623149635732376,-0.589642741324447,0.2272340971228365,-0.2944855124098542,-0.0589241504588298,0.4995148192738895,Europe,Western Europe,0
-0.017981147481438,1.1759294271729122,-0.0030867317897933,0.4672794472996517,-0.2606847344361668,-0.5730161933737202,0.1389526436844373,0.3043697567544936,1.1009250306609912,-1.0477910200707856,-0.2200702429064966,0.7734621195779673,1.2938534009450406,0.051667380992359,-0.6854773548220365,-0.9462694340155692,-0.807864208847372,0.4142664504415514,0.065392830504297,-0.1230001318222371,1.0565310081253816,1.2882332537709615,0.5809885018519101,-0.2059901186289021,-0.1346527894533518,0.3984320102456098,Americas,Latin America and the Caribbean,0
3.9766360485838224,-1.2434054405417794,-0.5154847640773405,-1.1876920915096807,-1.5696236216565145,-0.7815669865994722,-0.2668400012168168,0.6366664251365901,1.2275008839438826,0.1403944137818189,0.3567923669282279,-0.6169097426535247,-0.4090171049401007,-1.0344171536305666,0.1012518193315766,-1.3183525370443994,-0.97950047340934,0.2665246439441506,0.7556112979108669,-0.301540112415234,0.8717800735529115,-0.2370356454971916,0.5077961320619208,-0.8447111871693308,-0.796094499189096,0.3470943584738617,Africa,Sub-Saharan Africa,1
1.551578924620151,-0.0848390700347726,-0.3994636170260728,-1.3483466230289451,-1.1579679851004847,-0.274301707660133,-0.6203206848977645,0.0951184965479549,-0.6814471045765846,-0.8168284353466096,1.1458677153077692,1.576773527206608,1.181301451575737,0.720170437783492,-0.0978347740792597,0.1155157739465793,-0.7547779922641789,1.5212827605654895,-0.4423709495783735,-0.4189305049161353,0.5561206191378565,0.0013165632763296,0.5208904068615838,-0.6482690090350548,0.811513399461152,-0.1446170739223326,Asia,Southern Asia,1
-0.6459665819726003,1.422932502762022,-0.188477409613903,0.2772987660985641,-0.2728151198235001,0.5942709343232104,-0.6058542229719577,0.556967381294492,-2.110842654753448,-0.3118541775175944,-0.3003745784669528,-1.468616718410568,-0.1807988663807584,-0.5462715955027712,0.0878972183487254,0.6824944320519684,0.6318144110181114,-1.2670605019183814,-0.4102518680935472,0.3250959899463596,0.509138400983998,-0.3069480311020748,-0.0808147284867369,0.1413075976727112,0.0999813751764079,-0.8351969845614348,Americas,Latin America and the Caribbean,0
-0.7130577196823958,1.4572360634709631,2.7311093776940307,-0.5256175629756424,-0.1819265315066773,-0.0547629009849033,-0.0999978410258247,-0.9592982078153462,-0.2793016946345613,1.128883282344794,0.3498200066745982,0.3384512271510005,0.4060214192158167,0.5721230918853714,0.4797861763906718,-0.2688829342363122,-0.7091261548351718,0.2045311663676969,-0.4701586825910231,-0.0898453875685286,-0.3503841713652406,-0.062328277895149,0.3346097813309496,0.3069669178546914,0.0448756993936966,-0.2572490635573997,Europe,Southern Europe,0
0.6890324954078489,-1.1820214762794627,1.294643800549258,-0.566839117890056,1.5476242246793142,-0.4551337456348232,0.0624042366932779,-1.3486154673091046,1.700821816186827,0.0403391496986505,-0.7576232907628476,-0.3377973354408272,-1.4577685252551609,0.3348428263028328,0.3838443407755755,0.2998526362443343,-0.0209089326531365,0.4374591680352665,-0.6514850751668808,-0.1491799931558523,0.7050493616717373,-0.1603372116287102,-0.0497513839734721,-0.8123997650349228,-0.6408478051591163,0.1275389085111491,Africa,Sub-Saharan Africa,0
-1.431791911379225,1.5004798798287,0.0685999651849707,-0.9818351330689626,0.7207664061112855,0.2701579395286803,1.6760441003303657,-0.0391668172693963,0.4918630501177857,-0.7187990899513614,-1.5795972748916178,1.3131718336416591,1.2432225947713818,-1.768721106210066,0.1915381897053339,-0.3538914857788661,0.798537514824253,0.2784485120810909,-0.1083045613615,-1.2776589692259868,-0.0148553847090335,-0.5747475090090907,0.4264172381383133,-0.1149686500467788,-0.2408824211411752,-0.2645297343011223,Americas,Latin America and the Caribbean,0
-3.719534386481457,-4.103056793631737,1.3065882396973365,0.4148936785234959,1.3624542425185042,-1.881899857875753,0.2952962555195516,0.2659250466433791,-0.0056810642559309,-1.1607468060339547,0.7091877270477936,0.9063811823832352,-0.8253688077365269,0.2369022699532247,0.5664534255360675,-0.2289940847581072,-0.1327892836605737,0.3925142679396808,0.491622149144749,0.112205282916666,-0.8371149654845049,-0.8859546987180523,-0.3037096693697029,0.3485949833377523,-0.1307766997915784,0.2911096444397731,Asia,South-eastern Asia,0
-1.75331833588553,-0.2601099910372669,0.1018979474620555,0.7836288703546384,-0.7427691184621745,0.838638948107853,-1.2309363170585794,-0.6503327493398745,-0.9536083708354652,0.3949651262680741,-0.2875394877936197,-0.1128976737363921,0.2351301426771003,0.4143098901073879,0.5172833875877696,-0.402629702131449,0.2670502961032414,-0.2115050853054938,-0.1908448668920303,-0.1891860876950525,-0.0303072302118127,-0.4559593175658359,0.0547957696551762,-0.2621388482472631,-0.2072605733141689,-0.2186041771697168,Europe,Eastern Europe,0
5.923728460218759,-1.1560961141952577,-1.2098768263799138,0.4316894884909975,-1.108531642050791,0.1456497486697432,-0.6104220896154718,-0.8969494910222453,0.2325244560877974,0.5330155257086595,0.5941279104462684,0.0920198458845385,-1.7406084347143718,-1.2378647173792294,0.1977681758519753,-1.143845851845477,-0.0629801534780534,-0.3361417670807122,-0.5673126001442039,0.2274810539757623,0.548813818563003,-0.6222156578743453,-0.2052212253252052,0.1618973161314626,-0.6624528210615037,0.3591993836268489,Africa,Sub-Saharan Africa,1
7.213891836150824,2.256207862712133,-1.955546709071416,0.2509096346155189,-0.8586951064991429,-2.549344600731691,1.1953656297891064,0.8929406505348105,-0.5353562079378882,0.065222913664927,-0.0930056509449295,1.537622246338589,0.5806145418512018,-0.2173269480683039,0.8243839916037662,0.1726795162416256,1.7916888348377735,-1.3903931277211752,1.1612251497296824,-0.0728533317282973,1.1281032683551584,-0.1189377683125666,-1.0284503410463444,1.7638895247681834,-0.4991207532082585,0.2449843480278432,Africa,Sub-Saharan Africa,1
-0.4315384180903532,0.3601711349594758,0.5219482857810471,-1.087464447450094,0.3961230525736816,0.4492792011432934,-0.3206213088259182,-1.1440953209453335,0.3691044173371459,-0.7118195496351032,0.5342510946806754,-0.6945908026695864,-0.6453858322813152,0.460618687979454,0.6434227470389682,0.312551922537935,0.4969675252066454,-0.1496695103107162,-0.4076593497225965,0.1310047580102792,-0.5112906499067498,-0.3895022843870717,0.1564356992532256,-0.7048313945349927,-0.4084294676167995,0.2296075669057376,Africa,Sub-Saharan Africa,0
2.2825538470994435,-1.3366873328681856,-0.9929371939586707,-1.7583885647992354,-1.0752706028670254,1.357102979060214,-1.2030556705800943,0.8590878670059314,-0.3109125174347105,-0.1979600011297899,0.5106889684005571,-0.5251691616244576,1.0334330559747886,-0.8796388190357896,0.4019407078711287,0.1782747626478256,0.3427131166667056,0.7503469598882614,-0.2208103275137921,0.3447807821639022,0.1474242261413867,0.3188811585427106,0.1471045162472711,0.6916388733945966,-0.0588523572573651,0.532125375213527,Asia,South-eastern Asia,1
4.476903354223248,-0.6753581450362363,-1.3092918106933793,-0.912916553404935,-0.2796176615177837,-0.6287034095412937,-0.4354664161046795,-0.225924675716778,-0.7626689160028279,0.6562701447150493,0.2843045988552299,-0.3785405581038509,1.2571227795726725,-0.6648710399596841,-0.9065360839344012,-0.1348117175294384,-0.2410444605909134,0.5683024189699476,1.010088054213376,-0.1786528359758989,-0.0877454633827708,-0.6214627248267511,-0.4558777664470321,-0.5497499059850184,0.4832930654503222,0.1887848905084809,Africa,Sub-Saharan Africa,1
-4.056090477096922,0.6792281034653168,-1.453380049389604,1.001084324587803,-0.0841946084043765,-0.6790296992275218,0.9048908697021474,-0.6374646226008499,-0.398676127570351,1.0919322917419083,0.6151793561241584,1.1114371381954784,0.6875571917779879,-0.7795081216870546,1.7022756948034905,-0.2265720229887279,0.1786894144685671,1.2821905604932624,-0.5002534228781014,-0.3191121575682552,0.8736185551007418,0.3914439939766394,-0.3662402846133057,-0.2624734745397652,1.0306224149597196,0.6487733947050651,Americas,Northern America,0
9.037315748741388,0.0670580839374625,-2.239247892600871,1.9458097922706172,2.1123530652683886,0.9522598666106168,0.7774931334079624,-0.4972795480306911,-0.2184166982805069,-0.4273830757711567,-0.5509791793468064,1.2023635772165646,0.6586589894819819,1.260834996833105,2.4911508919379792,2.840838720370759,1.1195135183535625,-0.0757315990212378,0.0753662975103051,-1.4828877092349142,-0.8341432754686271,1.1909671638702517,2.222883529227438,0.6448224259467118,-0.3179319861297378,1.6451008801075848,Africa,Sub-Saharan Africa,1
9.176775806390204,-2.688845559062309,-2.4703537835670484,1.9275308343144608,0.3604873574601973,1.5143389364509243,-0.5032184055741743,0.1468985100444808,0.1884621362928708,0.6598325561900992,0.4450468613944227,-1.0724001083782688,-1.763129825070768,-1.1428369899713866,0.5412563598597853,-0.4866217012484092,-0.2795174869047848,-0.7180266180506765,-0.1146757288563661,0.7793595638850561,-0.2361160728421143,-0.4094483769716205,0.8796730793244484,0.4314821267784844,1.481070815323564,0.3391494678802421,Africa,Sub-Saharan Africa,1
-2.385753683332533,0.7984352794985738,-0.2758925448628098,0.5129024933430663,0.0819258617423759,0.0751112834871974,-0.4524932007307498,-0.0386124921177434,0.1163378982396197,-0.1515220057231398,-0.5081564710662735,0.4274708409673923,0.6805142823666466,-0.8902772380280415,-0.9394147168970544,0.3094754750600354,-0.475866429158109,-0.5620877979548328,-0.0925811105304718,0.0300784276942936,-0.0365419874552136,0.1531356763292813,0.0901261724100643,-0.4487380594760788,-0.1439310045075911,0.5644510270457394,Americas,Latin America and the Caribbean,0
-3.3963626112386818,-3.060100756991352,-0.8500918930351525,-1.879984011486508,-3.949978728707139,3.991133710146342,8.975582344114057,-1.7734298304460832,-0.9661405435704232,-0.3470366099608397,-0.6185204441656642,-0.0454568421865533,-0.0439548181759346,1.1693069036926502,-1.4710017382472562,0.1101981420509925,0.2847717567560662,-0.4165414769572015,-0.6179506330862998,-0.4465897965539676,-0.3220842067656246,-0.7312007391189412,-0.4270873170196047,0.1713902515441337,0.0688385599918367,0.054893517885382,Asia,Eastern Asia,0
-1.0392767701146317,1.3600775013251478,0.23981620412396,-0.6782873707884868,0.4777528352874369,0.1368714024919901,-0.1275087017929125,0.6819392952295157,0.137308421244417,-0.4756673100941249,-1.1722033787232315,0.4101158113841907,0.6750230012086454,-0.6402878772595304,-0.7044038003404361,0.1046268965122726,0.1337982733982909,0.3017749151754149,-0.0562385564975926,-0.3379863195144902,-0.3498818253090115,-0.3952949463635709,0.4660147557665414,-0.3872927356602174,-0.096756986644695,0.0565709900706776,Americas,Latin America and the Caribbean,0
4.401647898008719,-0.2924771273655656,0.9361712881818054,0.41450022476225,-0.918299102851286,0.9008447710845122,-0.8751735435534446,-0.6866988530565755,1.1842922571963632,-0.0613656946605346,0.3119311378693097,-0.0181266462774502,-0.0248819644444975,0.6403005922132049,-0.4629722778322521,-0.3634293591036567,0.013772939555782,0.8674694976900013,1.2223707190044708,0.0864288398177721,0.4277860476376971,0.3900718257818004,0.7812742736797215,0.1618666751438601,0.6734852735266876,-0.0094306690151839,Africa,Sub-Saharan Africa,1
7.656117169383987,-0.8535233246592921,-2.983031846860611,-0.1318542449643692,1.1805453740027827,-1.540358731551462,1.157119397399132,0.8198007965660964,1.9330833871811677,0.4311704955896769,-1.2642345543837354,1.5659741855097202,1.0105393980152872,1.768642455040763,0.5116781366158853,0.953533122880076,0.5893371404060417,-0.4313014197355097,-0.0565001586987505,0.9047113660332142,0.7638467003930862,-0.737071569115742,-0.7518144381673635,-0.0725421766167111,-0.5030007004190917,0.0777407480130751,Africa,Sub-Saharan Africa,1
5.282079763949285,-2.630948070884706,-0.9517481732709544,2.325690331510041,3.697063999652448,-2.1310730595631275,1.5993551914354454,0.6998909669708957,0.3417210158118183,-1.7355242987562371,-2.8149946164504835,-0.2011204059755269,1.125536861800961,0.0393305020306407,-0.0146447417480603,-0.5109292809222866,-0.1631851671871576,-0.4247885620964635,-0.7149692120705138,1.0556537292778934,-0.2528021357840051,-0.3864408444562858,0.1075742672945252,0.0628870352849377,0.5691046855380616,0.3185314013165949,Africa,Sub-Saharan Africa,1
-2.6293076717297588,2.4414944664490554,-1.1074094915532111,-1.1939506936065158,1.218627987749576,-0.2351494268349959,-0.3331946323129826,-0.2867972062576394,-0.7652494507991917,-0.2162037431188947,-0.5696978687015234,0.8405119021368648,0.7263453737425822,-0.7367735067423522,-1.0705042829544924,0.5605994678050529,-0.3586710331288296,-1.121671194058121,0.3799570684973906,-0.0749954505289925,0.0959683299550792,0.2973432922473776,-0.4175181252863681,-0.3873114635663251,0.5765253341325793,-0.5756516402631733,Americas,Latin America and the Caribbean,0
3.803544389719582,-1.0854965051594083,-1.065926472511043,-0.3911964469540854,-0.9553740935164056,0.3227758190523508,-0.9375497393496977,-0.292769102398559,0.4821518910738187,0.1086937173801429,-0.6463381315457365,-0.2000968131790802,-0.838348754578687,-1.2627862681386357,-0.0719903725802899,-0.4088442896559147,-0.5652493781276985,0.4882104604880989,-0.0448824449491147,-0.3234510903512164,0.7901257542707034,-0.4145506091639182,0.3265029431378691,-0.2412967298164996,-0.2541362308372397,0.594872160843037,Africa,Sub-Saharan Africa,1
-1.993565621910732,0.5293315524520225,-0.3007927151861906,-0.512708840595928,-0.0987303764093704,-0.0151843084268919,-0.6480842810007891,-0.7669955750636549,-0.1899400076442344,0.4305547545107461,0.2251030900377469,0.8441510020371512,0.5836489563873604,0.8855174105886945,0.4001131691584527,-1.133527221732175,0.8078184883941306,1.1686939924040542,-0.22307968031196,-0.1735749180241932,-0.2004858583519143,0.1160624567410977,-0.2016019322837992,-0.4361356894674964,0.7460819362365825,0.0422570173035293,Europe,Southern Europe,0
-2.387531112135885,1.387935627256305,-1.2165451990667293,0.7040299437787402,-0.4682455261663066,-1.016943906282106,-0.0246839489942743,-0.5574829841243363,-1.6134531546965687,-0.1809677571771394,0.7373989381638397,-0.5342730482697746,-0.1405256233384593,0.9791672536247168,0.4932824146020492,-0.6855341069941389,1.9335476493333468,-1.6503148453084973,1.279116061459952,-0.5653036586349354,0.8356093925788881,0.4962107472410512,-0.6293689750119842,-0.9447815760082274,0.2597623282631519,-0.6497125019247503,Americas,Latin America and the Caribbean,0
-2.785012458821132,0.8745124390460509,0.0028090089895183,0.4567593725574911,-0.409278288644339,0.1437389933561815,-0.7972161201073533,-0.2450315772062621,0.8478493094762707,0.2571273576160306,0.0750344034176586,-0.0770724232138072,-0.140924271500258,3.628782001834105e-07,-0.7812607531918782,-0.2842817010847952,-0.7035360014106697,-0.142228132917541,0.20619413251561,0.0931912520571743,0.245581549801057,0.4518843132277574,0.3324264968252376,0.2460029242667209,-0.4537549725767698,0.5753685116435812,Asia,Western Asia,0
-3.2014410236826656,-0.1435243689655543,-0.9225686861662902,0.4882073408433854,-0.831477777042348,-0.4339369852534541,-0.5646185039690261,0.3553660286694464,-0.1051909206758566,0.037258257514997,0.6436987576187214,-0.2061357207861904,-0.0681852363266654,0.3796601635306763,-0.3744307357539627,-0.499751507451284,-0.5385406266098971,-0.5054733750930942,0.3400510834567843,-0.2817874346910781,-0.1634722192079299,0.3203481356983212,0.4122509801320633,-0.2812428404150507,-0.7500567319619574,0.5786111610192061,Europe,Eastern Europe,0
-4.0749456758522005,1.101068970700054,-2.2652030736934727,-0.2000359220516403,0.7955736955218464,-1.0200565875916705,-0.457036936300867,-0.7578756895603909,-0.8347150512273876,-0.067545765243429,0.7865859027617065,0.4442135884085178,-0.4009518782397395,0.4098293723071985,-1.1317259977906644,0.2063463426521999,-0.3954926329676043,-0.0031264289555506,0.1983044204892791,-0.2675957198360547,0.1159800249412076,-0.5537482792815718,0.2154974451633842,0.1427974594504345,-0.2981132402523782,0.1462695446208815,Europe,Northern Europe,0
-2.1674268503837992,1.514109180112558,1.3784185298882274,-0.8079635387996622,-0.0971755757182965,-0.1665641464975669,0.3140846790167859,-0.2503068154848181,0.6540280498258404,-2.1040889214478464,1.3409997979994894,0.5940362782921681,-0.7028764391716407,-0.3091512053014162,0.1471692128377991,0.9923607333716492,0.1678482310467584,-1.2835470312842632,0.2619436355291121,0.2641157405316348,-0.4469999353975182,0.1518903653802117,-0.4093287180097849,-1.0137036106656927,-0.8198635843129534,0.7738856697857589,Americas,Latin America and the Caribbean,0
-1.1310878282305232,0.1231590082124141,0.0337814738023197,-0.50890680549683,0.24960036721252,1.2662813854296318,-1.27597024669489,0.1524642913857603,-0.5818715295958476,-0.5017633315727863,-1.3642251697561203,-0.4287556645345469,-0.732395528763655,-1.1871853952391096,-0.0050480793337541,0.7145561707287132,0.3366111673394084,-0.3775666417587073,0.4621866246331316,-0.1611331480462828,0.3069208733995103,-0.2817334838227714,0.2551153743211031,-0.1730651603901068,-0.3874795644599313,0.1841631099256757,Americas,Latin America and the Caribbean,0
-1.0479342697344822,0.9801237912737016,-0.3959829823525503,-0.4808344795179146,0.7900495344146052,0.4073983582826864,-0.5578754332860217,0.8416046928976568,-1.4502051929560225,-0.9669677557928872,-1.5350400127727744,-0.3542954258966848,-0.2030095230267999,-0.4013485698805062,-0.1179068953694702,0.4692855814658908,0.2517763585724575,-0.7081745962182413,-0.1040099632083326,0.5220101782530767,0.2869265007530623,-0.1015336661693179,0.1705468308139462,0.4592813439392506,0.3859134778177209,0.1514547999445751,Americas,Latin America and the Caribbean,0
0.5749231378335415,-0.3618996270491735,3.4288228610421765,-0.3914671792441501,-0.2396327591521377,1.3639834430230433,0.0876162163743841,1.013403728434521,0.5613303765791702,-0.4072282897701323,-0.6766933889231328,-0.3010017821813313,0.513062912657066,-1.0436119425892134,-0.2033192382421204,0.4790362753442513,-0.314280452669918,0.0505840218803665,-0.0996750287081603,0.0966433027023747,0.9110765352453232,0.4742169578707453,-0.0381240768289827,0.8508731321810991,0.7334067600333029,-0.2450525996436669,Africa,Northern Africa,0
0.3787364450020394,1.894992712635304,-0.3135993074088662,0.7800306356845561,-0.2365554428656516,1.4910379173137516,-1.1112612825734898,-0.0896206942687324,-1.6111116663645682,-0.8533977400487073,-0.9373793503937664,0.0253299568455006,0.1338061346798933,-0.6272916443952843,0.1520950041532052,1.0324592070113483,0.473961326417826,-0.1927898874585515,-0.0599500901494067,-0.2534788699354786,-0.3369276943719667,-0.1152724996353137,0.2179882001227479,-0.0585793926549314,-0.0675814734107955,0.0529253637009511,Americas,Latin America and the Caribbean,0
4.616819737495228,-3.140755427436741,0.0043194344330515,5.127303829717633,1.031381090008311,0.3157045173707005,-1.0682245122535556,-2.398605546012311,-2.528495912527074,0.7198032586902468,-0.2141909826822754,1.3971448554956956,1.0801493823814348,2.5859737652205417,-0.8434766981109375,0.5975651964552164,1.630859646161651,-0.8966423489096492,0.6673417319072652,-0.4578241368279653,-0.7779249043914629,0.1071149907090813,0.3851968702160176,0.5954692669028664,-0.962407931583669,-1.4904227263652865,Africa,Sub-Saharan Africa,1
5.3273262691485925,-0.2598064340002928,-0.3009861598786677,5.091500881954612,-1.4109374321764991,-0.0876918544267528,-0.1102862910727823,-3.768136623911549,-1.446499012743624,-2.904596237816384,1.2577716095931488,0.3445442031150919,0.602771827384907,0.3255261438947985,0.4421322536492759,-0.6285668158434298,-0.9026318875481932,-0.797592265667892,-0.7130688363461657,0.0755893044330985,0.7396283614149075,-0.2543782976466274,0.8216355436729764,0.6755419890530847,0.6896319182585513,-0.9314598538300544,Africa,Sub-Saharan Africa,1
-3.623700010632227,-0.0894958082504883,-0.5117761737052081,0.31805280665279,-0.6627674299733961,-0.4144851628609662,-0.3645285814411203,-0.2550578203660328,-0.1780220958145241,0.2388400836567553,1.5329906163959817,-0.0357607148617886,0.2737313913913686,0.4329246348379352,0.2422246593222022,-0.1864915593379932,-0.6457713956924218,-0.4955741259560155,-0.3767688890724576,0.0096310705286954,0.177129178601553,-0.1756429145468339,0.3653737837476202,0.1719815222437104,-0.4457388349819968,0.4563535408458229,Europe,Northern Europe,0
4.176030426810796,0.6088178071675124,1.3913133396115516,-0.5424622321221806,1.5141975289311924,-1.54194428564408,1.32863660250999,-1.6826463749734,2.6539356951873763,0.5107218170751117,-0.0538652552161101,3.4223273045454268,-0.0533854410345837,1.3634851722288386,0.3058463842489933,-0.2951906652056193,0.3981792704221726,-1.8203893309709456,0.9452071499855278,0.2497439026720559,1.3402361825841376,0.6215486428160333,-0.5160063062610688,0.898741707755988,-0.4724359392149171,-0.0979244878860208,Africa,Sub-Saharan Africa,1
5.596760363749844,-1.1027927520807996,-2.5838264810699925,-2.459494731431823,-0.036862502301159,0.6123958929924491,-0.3665695231762962,-0.2404941881386011,-1.8911282386377095,0.9100200853087812,1.5579171027091625,-0.5813380830917655,0.1037398306451213,-0.4007009125711368,-0.3089842021369866,0.6757905513837363,0.5718651799238702,0.4879680806500115,-0.288049513934027,0.3496562930538167,-1.1033998915440353,0.2126517298497405,-1.5150579617252544,-0.0928524938084814,-0.0151346946935185,0.9320451904924796,Africa,Sub-Saharan Africa,1
0.3533209289494118,-0.0109854811112323,0.7284867945409554,-1.2851194104923989,-0.9132618783806494,-0.1917529604838299,-0.6284061726214446,0.7147479883186625,-0.2100427933976829,0.266671851556312,0.6715620557418124,0.491238022191083,-0.0047412508841621,-0.123997163449469,-0.2150097718382183,-0.1261175437517377,1.4735909319976896,1.0651837681613672,0.0153180591134785,-0.5826139400310569,1.2745359322641472,-0.2157623638742692,0.5352579431903133,-0.0405431074773446,0.1036232615419718,0.0197990920764296,Oceania,Melanesia,1
-3.719410083173842,1.6820768446537118,-1.477947710591899,0.112378919238343,0.6276039479263968,-1.139113247996769,-0.2466895277855641,-0.6882547761915131,-0.7157176302950136,0.2479604151477013,0.7558408594475997,-0.0487400929100373,-0.2728084408711263,0.3089159157273487,-1.135836638246717,0.517145951651904,-0.6981074525468985,-0.1627483462990352,0.2094434755324268,-0.0649263856219323,0.681983106903442,-0.6113733335048427,0.3099566281989188,0.3219359045944875,0.1461142013701821,0.6056125968760666,Europe,Northern Europe,0
-3.5582135875807723,1.5355181845381651,-1.2033100671641133,0.4109613149105438,0.0696210214073041,-0.3624381604285072,0.9454059330898654,-1.2363551292004056,-0.4355482783799242,0.3500989163255729,0.2489455415326756,-0.7022821472434141,-0.5433450385980174,0.0099363920274507,-0.2545385099392048,-0.290891690304838,0.1594633682282737,-0.3692065002940089,0.6733218246079571,0.0738557164574971,-0.1678018731131384,0.4865364509600668,0.1068740029529465,-0.2356078089293053,-0.2929335127655524,0.2058533213867626,Europe,Western Europe,0
1.236015028783929,-2.491248333519867,0.4454934632944489,-2.50189501742895,3.8766526469604425,-1.5844413579150796,0.8025040318241662,-0.4159987088405172,1.216059200771232,0.0818981801559141,-1.8682234001480915,-0.4790490692383132,1.0062098808351811,-1.8554702262306164,-1.005994877218633,-0.3014682176967828,0.0964684482391935,0.1170876108541213,0.0110294203221528,-0.4582779141304735,-1.1363641093105965,-0.244689570444174,0.6155248178672735,-0.420758858900583,-0.4189424947210329,-0.6055717597477129,Africa,Sub-Saharan Africa,0
4.039582319276835,-0.0376547762561241,0.651767865216927,0.8045743716434876,-0.111333481525771,1.8996580469892663,-0.7820832777805203,-0.4282182922593532,0.8680743419144596,1.2733765707399043,0.5735508265634727,-0.579854288774881,-0.4545978056034005,-0.7657425061396698,-0.3267072794006209,0.0740319050768466,-0.3330188064472804,-0.1321627456544776,0.2923643679226518,-0.1089134634459853,-0.3866884192761921,0.0075622208236414,1.5134044442911276,-0.5962190471158723,0.3166773577372931,0.6159702243352823,Africa,Sub-Saharan Africa,1
-0.8097998880368779,0.8742500314267821,1.201595194714696,-1.180043629216576,-0.0137791969879367,0.2011988997441995,-0.676803738648034,-0.2741590655174334,0.1774506896550928,0.8975666540613032,-0.5068128639718352,1.035200468915595,0.5376446763808408,0.7120493200804988,-0.1545120982820884,-0.1687982761492427,-0.1886869890371326,0.8326961245231518,-0.6582403794843456,0.2176209234159134,0.0192444935562995,-0.0716188464739781,-0.0991177311826799,-0.4886491295475326,0.3762380568337439,-0.2577728365852234,Asia,Western Asia,0
-4.113448650899479,0.5848685377102454,-2.153430250539197,0.4976970116803014,-0.1782953655962923,0.2601995315193611,0.9038646773338448,-0.1435390092528917,-0.6135881798442419,0.1554109459064207,-0.5725838420808508,0.3554728341835946,-1.1543595589733344,-0.3611592487202967,0.3266438937410083,-0.1066358384575362,-0.0777784220253943,-0.048648702343426,0.6547885023218043,0.2536560980131078,-0.4225141902665573,0.5098426879913683,0.0290055384480146,-0.1931035621069056,-0.2463156411985664,-0.2512231032893119,Europe,Western Europe,0
1.0573401637829865,0.1580648971978522,-0.931012456903859,-0.3018610997469779,-0.7454356098358621,0.2807340099214234,-0.716452117299462,0.6314314570064846,0.4028813259065016,-0.3829730364768335,-0.5892977146811135,0.805234584803786,-0.1615585414717708,-0.5111265615921909,-1.1102740012032324,-0.5651303087350282,-1.434593526493948,-1.2723317443786626,-0.0015403565448628,0.4726215625541239,-1.105376062239097,0.3407024087898462,0.4106895343777478,-0.7145069422763061,-0.3018222695481143,0.1139445000547745,Africa,Sub-Saharan Africa,0
-2.056639301092263,2.1528864196176074,1.6481536434690007,0.3645689431701758,0.8506208012200003,-0.371033142245821,-0.1923907640430445,-1.0508321944844363,0.7006551519488202,1.1767129272876278,-1.2226819631445698,-0.1029014246257316,-0.0616232191613217,0.3382626076990213,-0.6450176231635715,-0.5772515380846558,-0.0891876454830354,0.7391926765551468,0.1905662044250212,-0.1559720637656715,-0.2059041247225359,-0.4774105066500054,0.1409801794556877,0.2007688778021071,0.0598680058559221,0.1476627920661623,Europe,Southern Europe,0
1.3737368878242648,0.9691696694231052,-0.6908364671486216,0.3749802720079818,-0.7171081179638262,1.5192433672678138,-1.2674708946236313,0.5403608313374237,-0.1179818253274002,-0.939235145217026,-1.5248088690275172,0.7586395643743359,0.0483873480453364,-1.4898930265943409,-0.1692876253801707,0.9417244695756803,0.0649278048708024,0.6588416605963823,-0.7672949699140985,-0.3789809701072534,-0.608423504620276,0.4845910452115592,-0.3788979751366362,0.1301666758235074,0.1608660688243651,-0.4338290418441703,Americas,Latin America and the Caribbean,0
5.978040482840595,-1.4467820184635132,-0.8911719554267452,1.638003553600153,0.190179514136099,0.1348332541984779,0.0938765449434772,-0.4119963878505953,0.5982460642767158,-1.525193579575889,-0.121987983495261,-0.4382452167454529,0.5621607879318978,-1.7211141144736994,0.3366628607768226,0.0427516967377663,-0.8706954024058238,-0.063775077223057,1.4116030947876756,-1.371431055358927,0.4359336500016407,0.873412501313853,1.3574562719948482,-0.0186123386332745,0.2006858164607732,-0.161836348972744,Africa,Sub-Saharan Africa,1
0.3044191866444647,1.870141470460914,2.1024719988572778,0.0956668762950264,-0.2417003194900445,-1.1762664823093123,0.4436893673763546,-1.2049836143153776,-0.6033340777795877,-1.510924566826363,0.7411557173805422,-1.0502430961889326,-0.4142193336202258,1.829313274957831,0.2258868997106094,-1.0763565852266492,-1.0422204204941246,0.157534246985628,1.1676582573647962,0.2404325078214385,-0.1477617604610332,0.2340478723553516,0.0788730816452347,0.2464711837603616,0.1553022804165638,-0.001912138927278,Americas,Latin America and the Caribbean,0
5.291683235697596,1.4865126271615718,0.0633464759351996,1.160201456561731,1.8594622024869227,1.2342418680080336,0.995922775685079,1.6904758410472305,4.177491369499362,0.5994574653120429,0.7735811684734548,0.3016562563442337,-1.3351267883686662,3.10149627332937,0.3941406546913863,1.049866391179747,-0.2443128352166323,-1.15714522184866,1.014453138479629,1.0203815017461555,0.3990347269130134,-1.3899687754701835,1.0256911685256245,-0.7760414911808173,1.840852379734262,-0.1068682219997109,Americas,Latin America and the Caribbean,1
1.879981645278099,0.2621202467701928,0.155922138836962,0.3881153739310645,-0.1348524140105305,1.5664671861964377,-1.0646535830332875,-0.5919796926207314,-0.7838992634426862,-1.160455291928291,-0.5052687121669133,0.2062458845368123,0.2772414526981715,0.3736673062162917,0.5408767490145898,1.2323871912324158,0.2956544552262604,0.4234138597813709,0.1091459763498734,-0.1627244799675092,-0.0161184259479179,-0.1247116305721945,-0.1405002261437199,-0.0241022544206638,0.1126665353703407,-0.3893572266742353,Americas,Latin America and the Caribbean,0
-4.340548116365764,-0.1273137943876895,-1.1293185727587969,0.883501439034955,-0.8577792486312267,0.8964189940440487,0.4823391441364027,-0.6361697631362916,3.104818938120093,-1.888900649202218,2.86059298848019,-2.226352548306414,2.5065847454285755,-0.677976042808575,1.0988162187474635,0.8605677285879977,0.4129797491492166,-0.80841073261085,-1.95844442006642,0.7709413302135454,0.3847239739888292,-1.6983972283090183,0.4790253613782538,0.5870343530485149,-0.6702975309861553,-0.2662573153059632,Asia,Eastern Asia,0
-2.2288378553295125,-0.1030427975133558,-0.2566886810462355,0.1777093060806233,-0.2740094819741773,0.7105875495688793,-1.2658990751629005,0.6175716246034193,0.0267786849831035,-0.3953354032119032,-1.0013424324409317,-0.1284622922410697,-1.1630522704041475,0.5747884819320642,0.1827313458722203,-0.3452275099843661,1.1030083126769334,0.4464149408407428,-0.1578093649228982,-0.3309876046580407,-0.2476499751238702,-0.945207736618936,0.3260547775697338,0.2209098533092805,-0.653211693669885,-0.0525797452126522,Europe,Eastern Europe,0
-3.7281805493316136,1.8088853466068389,-3.437618643401113,0.5459798896477326,0.9904649152203132,-1.481063840546493,-0.2044140354336689,-0.202278716540009,-0.7617195585714696,0.4879452929503431,0.6859717175589748,0.9215945674216648,0.344203233736178,0.2574103173661244,-0.727431906554521,0.7488561324247289,-0.7949102440434277,0.9241110423866034,-0.3005076921505797,-0.8211156953670938,-0.0603382712464136,-0.6018638782632549,-0.1882078198471834,0.0376537326862532,0.5116005135552846,-0.2498478782579863,Europe,Northern Europe,0
0.9678610520003283,-2.503001468049558,0.1191708760327321,-2.6457832417669924,-3.176611040927932,2.720299339022496,5.346188952485451,0.4128244346739366,-0.2405718368740249,-0.6691160560403003,-1.4309874701594765,-0.7158891329312573,-0.3068146119480424,2.0871140409247717,-1.7391533271434112,-0.44891200704814,-0.9915994849859304,-0.9509115893140152,-1.334076885667833,-3.242949688782411,0.1908060437832464,-0.2792532747267185,-0.5679273243056981,0.5631280372117146,0.7975196703524113,1.1204962632283186,Asia,Southern Asia,0
-0.3922457191566175,-1.6090645138481088,0.253691924320664,-1.3034376889751556,-1.0077668107927735,0.8516130652181856,0.2788602677990116,0.5079344310141282,-0.030451286101141,-0.3726581336953831,-0.7953011655008575,-0.1342647722959939,-0.0925355662235933,0.5945970224491528,-0.7732528679381636,-0.3123109296692914,-0.1365628886281539,-0.3192399108549911,0.319916804055386,-0.0674852666423068,0.3417935982891178,0.252175034225407,-0.2743690531757129,-0.492445965913464,0.2550272946695153,-0.1520804090501886,Asia,South-eastern Asia,0
-1.1835526700369738,-3.4246176095510155,3.864438571016368,-1.5463245977079887,-0.2754448432847764,-0.0094887237630853,0.3007377398244797,1.7525572220350665,0.7790457238296147,2.541674789365774,0.810490088301543,0.937897233105164,-0.1000017173073226,-0.8394279806538648,-0.1923869971428379,0.5401132275353026,2.011107631144664,-0.9373144292073272,-1.1803753907812908,-0.1612886884011033,-0.5313983587273268,0.5383821483295163,0.2222153860723231,-0.183408825264149,0.1059869926065837,0.0777951717598457,Asia,Southern Asia,0
1.4718330994547393,-3.331563214332541,3.1596484675620724,0.7391868030178721,2.615833256241473,-2.250915374089341,1.2453663466645069,-0.1393950943674626,0.0541942406241943,0.810611881420237,-0.9198125128496444,-2.0099229161011416,-0.2025569181720629,0.1396397525704227,-1.499308176478213,0.8395416685301793,1.1864257711843729,0.364608046954785,-1.654826577384512,0.4411535768091678,-0.398076140796699,1.208769787065232,0.7554250126036317,-0.0800991024039181,0.6294157005295354,-1.0098817035778316,Asia,Western Asia,0
-4.135010593214218,-0.9464352627257526,-3.0555745305862843,-0.0580184097982578,1.5551230027033158,-0.7596591952468411,-0.4862689341374918,0.3404084611181628,1.4233312268718803,0.9932309994899756,-0.8473359668165726,-0.8825742558964952,-1.7523742349697746,1.5472085250097054,-0.3045129040787508,0.3608100086025945,-0.8309392736402783,0.3024144520526304,-1.105466860039863,0.2596855591441803,0.3276446042641636,0.9397186520164836,0.3038142128536625,0.7792617796340747,-0.0397547219781502,0.3988988984162495,Europe,Northern Europe,0
-3.905105921469326,1.0222684867157543,-1.5177492966779536,1.405747152189186,0.5176698067389831,-0.2094510805820792,0.0631946757866977,0.5805868889578568,0.8853119526491396,-0.7220648804558033,-0.6975389321563147,-0.7104978832560244,-2.069695953824373,-0.2833162297142461,0.9377208032027828,1.251524147853205,0.4014114757614666,-0.7013237428263198,-0.9390258277546872,-0.656750873963863,-0.1765045552723363,0.538539374925802,-0.4611883500276559,-0.8585502264770577,0.0198031673917204,-0.4726202068703727,Asia,Western Asia,0
-2.8724144893705748,1.5194445660500215,-2.119326101288837,0.8976104119332899,0.1413158784754916,-0.0102881926081657,0.5928148605069212,0.1860772307947992,0.1314867086909725,-0.0334600571730662,-0.520795878686954,-1.0193214335550922,-1.0806843376076762,0.4977536366512583,0.0409394109568566,1.1606649781219502,0.1039349481459031,0.1721521852806883,-1.1767593649830546,0.1472915082876534,0.0790448875286396,0.9815479989213092,-0.007635002371759,-0.3336483442206986,0.0769641503485058,-0.6158019331254005,Europe,Southern Europe,0
0.074558986720775,-0.4137743968425158,1.7938868813598132,0.1041760893064193,-0.2546040812446439,0.4444122990712155,-0.8612585907357719,-1.5755829425645291,0.346736181056639,0.1218059162670806,0.3755257216366314,-0.6489308452451659,0.2204848351764714,1.1747714148960395,-0.2937981391216653,0.2164792279034915,-0.460490384423877,0.4512989380866228,0.6054025300069522,0.0810836309838747,-0.3566080957075936,0.4215770428246218,-0.1014887952301471,-0.5666001291232077,-0.2099634937120173,0.1155543801587942,Americas,Latin America and the Caribbean,0
-3.739047791062217,-1.0281580127869498,-1.331314519510767,2.4818976594195563,-1.8499459119137984,1.2546745140856577,1.4755471406260698,-1.7767014987510252,0.8532572482630587,-0.4076002617552746,1.5939519512886131,0.1939556184789181,1.414777452509158,-0.5980913899238316,0.6419062558237333,0.24689309999793,0.8773958098246502,0.6227134491747496,-0.8496519377759413,0.3795387631047481,-0.048795913582108,-0.0244763307083844,0.2501049072542763,-0.412295795492907,-0.9502946471115944,0.2054099700477618,Asia,Eastern Asia,0
0.2730456778041514,0.0151679394816961,3.5793358583384784,2.090275117369826,0.3975076525838373,1.085649463556796,-0.4342363741245627,-2.911052663023919,0.9291270032148116,0.2474815045665616,0.1163218684507354,0.00088761211181,0.5925408826811579,-0.888295244675773,-0.5911480705217221,1.7084289683772276,-0.2027184013641013,-0.0830757882149205,-0.2691368251539016,-0.4940912377834754,0.2776768375516746,0.3514527745155922,-0.7431192549290895,-0.8240510504139046,-0.1016559493952396,-0.0392771457319992,Asia,Western Asia,0
-2.0031853605761967,-2.499901105201255,1.8599024414930196,-0.0507418505952382,-0.1917831526804745,-1.0774089327877283,-0.0765349772615745,2.42582726008645,-1.454701857366211,1.085781677494399,-0.9803789192508664,-0.3518139628465753,0.8850467811984353,0.4785626072213348,1.0239739531471816,-0.4807705542664984,-1.0897021963745297,-0.1911904511913119,0.5151249769491685,0.7077249600458834,0.5586271429675524,-0.2626770324051823,0.1598423906518025,0.6266672238147971,0.5205340124377542,-0.1444296525474505,Asia,Central Asia,0
3.823557775247376,1.6414764820196617,-1.5009273527553777,-0.3767273672635175,-0.9259529834051038,0.5519419969475179,-0.5931606048135777,0.9950017925886866,-0.1872753413520145,-0.14862068298339,-0.7338281865263406,0.1850673543038608,-0.1238355906223698,-0.0900733012864181,-0.208968363898711,0.1599144028417111,-0.1736443474799336,0.4833265389497473,-0.9170175148662112,0.3933546977080961,-0.6853216099175278,-0.5646145147905131,-0.6949132036387162,0.3882553572055759,-0.1389800679396192,-0.8557789815280985,Africa,Sub-Saharan Africa,1
2.409904050302386,1.8361587422918877,-1.6360659392309322,0.7556267641393994,-0.612393234810303,0.2037444612145963,-0.3946315830742118,1.446914863648015,0.933018372850716,0.0998471257638457,-0.961662495482783,-0.1384442394846426,-1.3466444006975238,0.5585698942339179,-0.543438470599347,1.0927477866790982,-0.638068258666657,-0.0247513288704993,-1.909758249563019,0.9841140217369684,0.2367716695638267,-0.3847583012600632,-1.1891171809743892,-1.193969029509527,-0.0854038931671444,-0.1709580838794906,Asia,Eastern Asia,1
-4.81958235122439,-1.3547958665577435,-1.294332307240425,0.923607881071026,-0.6308546661628921,0.4609133023307461,0.54391744038035,-0.6230499465047105,0.6925537462782506,0.4210397787139166,0.9479143887748496,0.3466304715743752,0.2998678624053588,-0.1589892151301148,2.3135588262637734,-1.2065222744590207,0.5010124412173949,-0.0808052088380605,0.1889337854408372,-0.1716481151845108,-0.2292532960520429,0.891203267915821,-0.3711868348798922,-1.3495267330144698,0.95571088877457,0.4080350634750589,Asia,Eastern Asia,0
-3.3870445164731176,-4.7250901480275305,1.4873350647043202,2.511022742865744,0.1312570935294875,-2.1787974269712307,0.0260855266491096,1.0602233798372231,-0.0962077190332976,-0.0692112631638606,1.2897155206899888,1.7377312453582725,-0.7096491312489683,-0.8965876219511324,-0.8162932830001264,0.8442040452281108,0.4267292785476586,0.0637740642310802,-0.1129946251588783,0.0411442347650096,-1.1021087110579588,-0.6154141364591565,-0.2754304239664679,-0.1304724824186062,0.5330728825801829,0.2889231008368412,Asia,Western Asia,0
0.7813931057036128,0.8796755497411977,1.818838788332118,-2.091101783456226,-1.4398151527955063,-0.0766494461710909,-0.5642046210487459,1.561914245962482,-1.6386249086287443,-0.3471956731103216,0.1401766688056125,1.1104360478245612,0.143828388766508,0.6290947124610803,0.7299033185950947,0.7918924817263036,0.0246992228274115,1.068815499399558,-0.7193552258030861,0.1144954243192458,0.3045532900097875,0.2224040918260687,0.1898221882943771,-0.4202842549559186,0.05801753961085,-0.030600175894684,Asia,Central Asia,1
1.3239689879872407,0.6011595667728118,1.0003271010063917,-1.5643109621260924,-0.9298151718502344,-0.3597887616319498,-0.3613965221951122,0.4883636239673778,-1.6325462541408415,1.6493164698752636,-0.0126770752563229,1.1694096400672624,0.7145764515424922,0.5967274581551285,0.1749476732122747,-0.0374364331282158,-1.2073678869776103,-0.3973177594339636,-1.3109329488024295,0.4530655891452164,0.4844304277150844,0.7747597460221795,0.2751480717546093,0.0935511018289055,-0.6525187254331457,-0.5902967524747844,Asia,South-eastern Asia,1
-2.373576629579666,1.6262409299296083,-0.931608379105318,-0.3604270562677947,0.0469749696950324,-0.2432558842896362,-0.7981474785676762,-0.385584057024559,-0.6168371475718962,0.5048396257038952,-0.2241806991700835,0.5949640031494806,-0.2262930209531108,0.1464733463995462,-0.93208946176167,-0.4770313478628235,-0.4314312111071586,-0.4679202500572956,0.0777271528764069,0.105932177604625,-0.1583282435538592,0.1840789806350843,0.3049557791984512,-0.24679418887173,-0.112141451556658,0.4255856116947006,Europe,Northern Europe,0
-1.2903662926096182,1.9087740380006395,2.4202911529988897,2.709632931624261,-1.8435624860958413,0.9999525914976102,0.1156475499138852,1.094959867774522,2.7328404215016637,-0.8852473758008081,1.0491991463833572,-1.0582510432698269,2.638370796556951,-0.9386565400963572,-0.0479421905408119,0.5855543973566643,0.8468381799293073,0.3817943810882487,-0.6017593544731484,0.1659615190400076,0.0031080771702917,-1.6360085301880962,-0.3605453264894692,-0.0163331232810969,0.1231435725121063,0.1994095491941736,Asia,Western Asia,0
4.126978430947024,3.8091326764384346,4.037891022501024,-2.407026939352736,1.9534710226690872,-2.509940731258789,2.478069174633131,-2.9411140848519706,0.42425116720156,0.6344937468794044,1.448697851007867,1.1184343924853186,-1.5076515864837383,-0.0697338786382398,1.181045182071421,-0.3711880511861741,-0.8633319322000557,0.8414835329894137,-1.2737878266677911,-0.8331868228589575,-0.9223049890172786,-0.5630256225953854,0.0653075990878507,-0.1724460415660108,-0.8092329214179683,-0.4534928131952,Africa,Sub-Saharan Africa,1
7.255157231814324,6.8666298950601865,1.190588015903374,6.999551060021028,-4.099284222471397,-0.9873448914426995,0.4855967507502436,2.2616872531784296,1.6428546351276192,3.756290634167239,-0.7316448179684375,-0.8754017747882639,1.3604680017691508,0.862971429121539,-1.466560762609693,0.2311751705537535,-0.2046006993752732,0.1926299184136358,-0.2362562328179719,-0.0622027248521862,-1.0348568215714498,0.3984745084277259,-0.3681402172242479,-0.4151044641216757,-0.1833142010531746,0.2061944835915207,Africa,Sub-Saharan Africa,1
-1.50072452116584,1.0293636401590829,-0.8477272801727086,-0.3367890940151723,0.5381530220781217,-0.4270792836736931,-0.5882891134494267,0.955066457843681,0.749298560614432,0.2512673599992251,-1.1335940546908048,-0.7231247800539617,-1.1997373698718845,1.3205062308746052,-0.2958393014255827,0.7179604905031056,-0.0214470981078752,0.9860891643563784,-0.6104826699420486,-0.3078481002297385,-0.1289808143769509,-0.0827014227057995,0.3774811644450312,-0.4271351328890544,-0.0309832340833057,-0.4133306860267047,Europe,Northern Europe,0
-4.542767163555313,-0.7153556702111573,-3.632981455983024,1.8212906867029,2.069383719939841,-1.2050769475893464,-0.2928559250300915,0.2278014918482879,1.3101395202470276,2.0876682335985706,-1.3173080403233504,-0.5665275492194378,-1.6934550769625658,0.3402967726928396,0.3367662384371323,0.7163198283640801,-1.0363315750516204,1.0021098818940808,-0.9162357822005052,-1.2843207081125363,-0.2795003044665793,0.7320105963965562,-0.2567651053010549,1.1995414829728546,-0.4690285798149248,-0.5452343517164475,Europe,Western Europe,0
-6.234107111345197,-2.5414760555711613,-3.736997207072261,0.5965741255369694,1.315494185229525,0.3877186014721542,-0.3707116214662459,-1.3010753355658846,1.5888817047643125,1.2939820183122273,-0.3077696638170771,-0.3851687263483755,0.6419498540986223,-0.2908995087012815,2.03598379558988,-2.775778866354448,1.1582992076431975,-0.7465176695387987,-1.0424882893645862,0.0198534032264059,0.2485411310038347,1.0383466136139885,-0.1488666877656205,-0.7091518833392523,1.086616757245867,-0.057513174093813,Asia,Eastern Asia,0
6.036991178063243,-0.1280409384150793,-2.425244834849188,-1.2759919914085132,0.5517275694331336,-2.048879138808147,1.415684907480529,1.874399046051616,1.6711035332352404,-0.3949487842597211,0.000719514171015,-1.293445621869404,0.3160361729178029,0.4884982611934038,0.9050036899070444,0.2284008252865698,-0.0616899330382238,0.5783338985184558,0.5016724281703968,-0.6341755818175839,0.2168907099547151,0.4274418193188756,-0.5185217772305362,-0.8932035523789045,-0.9758449524012848,-0.5687298728080642,Africa,Sub-Saharan Africa,1
5.385162114447424,0.9443396953213956,-2.093821079647272,-1.8614612642485824,0.5821450700904857,-1.3663631489263983,1.2894113623525676,1.5510488273461542,0.9025439703176702,-0.6978053701033549,0.1209939071339586,0.1552241845359474,0.8353832952813177,-0.7373458510153614,0.624248278417065,-1.0468212787011022,-0.7267254123458334,-0.339086082545655,0.8517081447998882,-0.5280188502794931,-1.1696296922470362,0.9234426654900756,0.1914682651924489,0.3370741895469063,-0.9772837755757092,0.33787707403729,Africa,Sub-Saharan Africa,1
-1.7457789723166042,-1.8649588010692544,1.1565333271498817,0.5177200282672495,-1.0092717964851134,-0.3629176471228323,-0.2040222855552951,1.317924097121762,1.0864232950987998,-0.0689055455244721,0.3940693862643235,-0.6995993476381804,1.8657644613337256,0.6225808828061403,-0.3636175603453642,-0.1461402125509034,0.43596867036235,0.0648289906789074,0.7418034001545732,0.0875730983110601,-0.3700022233893709,-0.4903103545316449,-0.1769749826187482,-0.2337293612119811,-0.168933606161378,-0.6264173893269133,Asia,South-eastern Asia,0
-1.0292887401090025,-0.6571033086632263,1.1825091149556597,-0.050911623733884,-1.002172998451751,0.3271812233312494,-1.2929384674684732,0.1319032882118347,0.880788581667093,-0.717682038241337,-0.3509123953683921,-0.5218904906912232,0.0316942035277956,1.6211044061860729,-0.5281024322173945,-0.9041098887931848,0.1199481221758459,1.1597389221022645,1.1495326130744516,0.1358638556861193,-0.653226344476338,0.2663769183735249,-0.3990804884711046,0.1411480809586176,-0.5934383858249029,0.1776277794784368,Asia,Southern Asia,0
6.064095151858782,-1.6148391294126871,-1.0500325527160244,2.435468546364021,-1.4041150879794817,1.3193389740793462,-1.6525004187197323,-2.4288554163525298,-1.006425195790237,-0.2936962826648295,0.5228451142947981,0.931916589608149,-0.6189703926629556,-0.8076792867110073,-0.5056411059545072,-0.4756708128841914,-1.0827554489994329,0.6201625903430984,-0.2882067783481598,-0.7297361678987512,0.0649034141862332,-0.6276453872418053,0.5284272678303392,-0.1998255991127971,0.4983769843471727,-0.8080565495924629,Africa,Sub-Saharan Africa,1
-3.2035251437605377,-0.3229320085682564,-0.9489581127069288,0.2680575853882173,0.3985315000642011,0.0618275956878714,-1.136524204641408,0.7669926653168035,0.8700170716796704,-0.4337531059497473,-1.32115378373688,-0.5471520774087894,-0.4110884005033926,0.3639364720287747,-0.8120946531595363,-0.7366838019743371,0.4063126589045055,0.1033690423412935,0.7640407959969204,-0.3757112890389509,-0.360905417498899,-0.5899936915519505,0.3974461274411363,-0.4407430305869037,-0.7507180640797657,0.1827158837965442,Europe,Southern Europe,0
3.686336382630567,-1.8426158829174455,1.005108851392241,-0.4589941456796605,0.1953723424712969,0.2956121611383036,-0.5837350495627404,-1.4448000232587337,-0.1367684010961266,-0.3491542509174768,-0.0608069503491577,-0.492667537240631,-0.4958635004178611,-0.5622007559460297,0.3826208572282122,0.428752834483027,0.1488352361806989,0.1110373373672277,0.6553672276237389,0.13513961256975,0.0560546666647339,-0.0874956471659193,-0.9727287428997472,-0.4964969616538667,-0.8184195349664188,0.1449210264779068,Africa,Sub-Saharan Africa,1
-1.3435862978455453,1.21249049710855,0.6554689251730231,-0.1568158809575018,-1.315071213908472,0.7895355920300366,-0.8413918106408533,0.3844107152438262,0.7884179007373172,-0.818383648333129,0.1670395943286855,-0.0419201552476589,0.0575909385506588,0.3527123840872387,0.1075537184659054,-0.3348980667756848,0.3414510430970258,0.2631750478639668,-0.2151373114705147,0.2556949051130276,-0.5320795405899225,0.1351877403773408,0.2526274501253165,0.6963040642086251,-0.3855482826788408,0.2501206897613166,Africa,Sub-Saharan Africa,0
-1.7176658985009965,0.7265957304643946,-0.6429572013062953,-0.366046115574772,-0.0257118449011246,0.8096236437230009,0.0153721821291913,0.8358214172153059,-1.6290631945622691,-0.1719548624328399,-1.4235012492586605,-1.0926828767167605,-0.1293128932044684,-0.4640039438960237,0.0283282983605022,0.59023821227224,0.4719135070950677,-1.2904136817559972,1.0291472545831355,0.1994703888195525,0.7806173236942131,-0.2710086278899427,0.0359395734370443,0.1732360015702965,0.3075716428850005,0.3513416783729063,Americas,Latin America and the Caribbean,0
-0.1908954090753447,1.4488292987944762,0.7523321663869682,0.6065524810805025,-1.660307282856492,0.8576834920938244,-1.3402052234922166,-0.009312290713601,-0.5700983879664109,-0.1768129413364146,-0.2096727495268489,-0.3511703211459651,-0.4839686411417088,0.4146872816795023,0.0304268883216398,0.0180225140821984,-0.0396092088885867,0.2854388348803794,0.5495986566573492,0.2287325262310212,-0.4474047636236096,0.1803990760321832,-0.2605927507276326,-0.1049264670154586,0.0013958800177037,0.4839247501420639,Europe,Eastern Europe,0
-1.3727068579063242,-2.111348689651697,2.7338865254480824,0.2143735656998008,-1.2961600443075023,-0.6553280221487975,0.2312732129737535,3.1394776694992097,-2.16050206082693,1.9283195084526008,-0.5449293128180578,0.1041891703072004,0.2513162667847954,-0.1772576860178943,2.8167412357919845,-0.3688071173241752,-2.045404001125612,-1.2258814427545794,-1.2194325068772074,0.2732969510079689,-0.3596900737178031,-0.2341402515341553,0.5825502240148154,-0.4115981159091772,-0.3736938183411111,0.0032660767902781,Asia,Eastern Asia,0
-0.4286297574083088,1.8444110422899056,1.5568563149882786,-0.659508619315079,0.0451210585358755,-0.0097182398894518,-0.288399132526883,-0.8531892780546877,-0.0664615733011595,0.7701188566018125,-0.0494212124219073,0.1345165631060201,0.6483679691711673,0.008033068522342,0.2739608065872596,-0.1674760977352611,0.6150656944141347,0.9417706830303014,0.3536640335050235,-0.4075588789604929,-0.6593470362267727,-0.4699873329828034,0.0429161407430759,-0.1370271299617079,0.6926368220921161,0.5663129192850362,Europe,Southern Europe,0
-0.7835031203682323,-0.1787513912903854,0.889619663538822,-1.147345212486514,-0.3483690046422878,-0.196313801244475,0.1432311633744843,-0.5401272619500993,0.4631941667797145,-1.057399981720901,0.8848060465734918,-0.5379968242491974,0.2250127548850809,-0.5604288445291802,0.1501928575286745,-0.1311959366112192,-0.0058793289617027,-0.3050716543805785,-0.1335698463695747,-0.1485526763425849,0.4860356028654244,0.197874538063531,0.0480191736273675,-0.4916923420638237,-0.8891873796434483,0.5616024410521031,Africa,Northern Africa,0
6.514589271336508,1.396445878784749,-1.4610380555464042,0.1884240274302107,0.6029002877796049,-0.8828637438726337,1.3330479600176992,1.3795887968812763,-1.7739044056550302,0.2915166428717261,1.0034713571695169,-1.164203963038042,0.2164954508469191,-0.0374785146484771,1.1878344544038202,0.8156662386186226,0.5763787751488462,-0.1745171724010297,-0.3304792737358952,-0.131566552720372,-1.1294604290357142,0.1530289391365225,-0.1599872051901416,-0.3814158357791429,-0.0212530902371343,0.7748280641408003,Africa,Sub-Saharan Africa,1
2.6032388808264724,-1.936260578927104,-0.4313266444904726,-2.210196823611545,-0.8301260591800083,-0.6148818515205202,-0.4040367972850121,0.8819615670303156,0.2664061744995069,-0.5701210213567823,1.2402577070363556,0.9158067962460756,-0.0016106811951629,0.5768677314749758,-0.9972469959844106,-0.4640312606224418,1.0105588998414576,1.3302934943375242,0.1971518822589441,-0.3197148235433267,0.9470445140948064,0.1973210832323004,-0.0618538996958697,-0.2174094605871011,-0.3117861708591707,-0.2828783109654783,Asia,South-eastern Asia,1
1.8521236849811085,2.863277576935257,0.6830463880325609,-1.7134058430767876,1.692216865985139,-2.035129460195293,1.553056258751675,-1.4444212868854716,-0.3297550013588249,0.6255924789923489,0.2771626321165505,-0.6426436297133399,0.4678993292013696,-0.3342813108241444,0.6652049588733493,-0.516929510317542,-0.067645654634686,0.7049491763274041,-0.3870774831519674,-0.5346628843340935,0.3199753417978817,0.0830004049225837,-0.3225573951488803,-0.1686909536075972,-0.1008948561778049,-1.0805239470340673,Africa,Sub-Saharan Africa,1
1.0592356150935622,0.9114546662759294,-0.1414603355015992,-5.221170954711531,0.5331187199907258,0.3142931127537771,0.4744785382071738,0.5413196716605003,0.4098877495218719,-2.3526525969921828,1.4746665376095571,1.2469781200013157,0.625262299289153,-0.0075204555982056,0.5917325680385719,0.7233843252723282,-0.7569660366932845,-0.7925900149397247,0.408140821046138,0.6792507509414201,-0.7804601681621086,0.2853988056616497,0.4524818005783182,0.1965121811522045,0.4153122282443695,-1.3971948820631688,Asia,Southern Asia,1
-4.947094166471929,0.5742300842934936,-1.49817597935193,0.1437475149093996,0.3669356717656609,-0.5688509527432208,-0.1354850008187626,0.0967150524876123,-0.4791424801964531,-0.7773269241760851,0.511392070287467,-0.1171926013816104,-1.2674665495839952,-0.3731102155849606,-0.4494063807862503,0.2835106219252818,-0.1670663008030857,-0.79156890291219,0.142173913231244,0.0581334444421016,0.9859890260223004,-0.8184158237240948,0.478044159316477,0.4921783108559263,-0.7082248219707462,0.2290293212535366,Europe,Western Europe,0
-3.753291406116202,1.5312991051624247,-1.8138144120243764,-0.2349714695246507,0.2041922780409295,-0.6267514169936503,-0.3182139940645478,0.0195575136362731,-0.4929379234915905,-0.1605805295143187,0.7825486738547454,0.5432924582104651,0.7039021230416281,0.0733092539788614,-0.6967833728481463,0.571332096620345,-0.4643108677543291,-0.1837477763510376,-0.1908125998458246,0.2225707008405754,0.4632474779721137,-0.5064668292535626,0.0589509631189308,-0.0007530097273444,0.1769579940794517,-0.0151182311771794,Oceania,Australia and New Zealand,0
1.7489504493389845,0.8313037120874445,-0.9471997114010364,-1.409127568927465,1.0536984680205383,-0.4185598737005925,0.2404270982005202,0.5740806595519008,-0.9858073379274412,-0.7198427587516815,0.1840268069821222,-1.663389035911494,0.887975630073745,0.961410211449907,0.2749991819779233,0.5430698757154869,0.1839236228309696,0.2169452772122979,1.2901278950287236,-0.1884513435317727,0.4524191229517382,0.2083082803536678,0.1252299492764341,-0.5716364913788248,0.2009414068649571,-0.5466094933887515,Americas,Latin America and the Caribbean,1
6.657635543316088,-1.5338814594162231,-0.5795634373731883,0.911074496691266,-1.3900239904797511,0.0892122643131933,-0.9730726149028656,-2.5878355490181444,0.0745789010202177,0.5576385133170448,0.9624051058799904,0.0963146859881974,-2.1328223924027365,0.1997470337170446,-0.1251466805067465,-0.5768412895943884,-0.5907320284784918,-0.0810979757170285,-0.4289906879233907,0.7975534457591911,0.4092786339335025,-0.397289289818404,-1.2654862954953925,-0.1610380831762494,-0.1441175694291939,-0.1916544313884817,Africa,Sub-Saharan Africa,1
5.130893554424309,-1.853059357048888,-0.3765315145735876,1.4109721931032737,-0.7501627861822403,1.576525930581274,-0.3441754485816818,-1.6192589318219115,0.3502161801989139,0.5888508706346045,-0.7175540374855776,0.5386193968113017,-0.1960794169877413,-0.3942184883827617,-0.6698944067343063,-0.969706880930486,-1.5626829157589066,-0.4335266763110493,-0.3550761838656469,-0.1024156068258193,-0.3271303849048967,-0.8830370524609169,0.3629914847691124,-0.1330066213169342,0.3331111029862377,-0.2037518182885114,Africa,Sub-Saharan Africa,1
-1.3523696309880855,0.9365938399073224,1.86604510146184,-1.8570492428282328,1.323757136731642,0.6092174791683929,-0.4493049799935261,-1.9349982053373944,-0.7676765896914282,0.3835775484716124,-0.5813371584383641,-0.1591300654822978,-0.4436852364063793,-0.4602593585476524,0.5965651799387582,0.2993389775755773,-0.0025259402326212,-0.3491988135277997,-0.2064761277301822,0.5964977244786541,-0.0347968677824366,-0.2309465276696475,-0.3949879761366825,0.4894893240505165,0.2798923519031852,0.1775013498117049,Europe,Southern Europe,0
-3.957977117387907,0.7103258575300814,-3.0961299737276384,-0.3473143164197914,1.187144230321635,-1.464640476343837,-0.2916326259146037,-0.5421059155841892,-1.3744509540246463,0.015371232037696,1.1563023940572388,0.9305847293852422,-0.0012696071633101,0.295963996060753,-1.4804684690104657,0.6176830820291949,-0.6255736953450202,0.420630618359969,-0.244934569048533,0.0448652981823692,-0.3768863413617792,-0.5128353302730383,-0.0101859716863278,0.7412752681359245,0.0519321072862848,-0.0575790726234489,Europe,Northern Europe,0
-2.133083843454469,-2.3832396353184877,1.9336762005139223,2.689360663375564,-0.2882199862743793,-2.2216479511516174,0.107877281897096,1.9275100041714333,0.4200566783968657,-0.1491679603926186,-0.5899887632713292,0.9252794629933628,0.0057807181139245,-0.9099893590933892,-1.4350405011783445,-0.0808446543002043,-0.0226586639237188,0.153178555863412,-0.3459839629262221,-0.18560276848247,0.2332501887632378,0.0489694957970048,-0.2403458035972383,-0.1801606338930585,-0.393437182813647,0.2133574159141329,Asia,Western Asia,0
3.504002068325743,-0.1926259371802253,0.2286364215670433,0.1129433951848785,-1.872560554593521,1.27375258085974,0.1130011248059008,0.484013457105431,-0.0659354743349226,-0.3437469720758045,-0.7052855527608907,-0.2068606913199447,-0.0475405019475274,-0.4429706924387016,0.2802164126604085,0.3912381561800108,-0.4610821644537982,-1.018745897407219,0.1737981102238237,-0.9481046894878592,-0.5417472867213297,-0.070849243988878,-0.8101994013035735,0.8217769015321608,0.5003542613786406,-0.5745967785492685,Asia,Southern Asia,1
-0.9305519587248868,-0.8781161196209001,-1.16741733234044,-0.3030538176421051,0.2064144236724858,1.0262816300143391,-1.27086812171857,-0.7064026324453931,-0.341579928407113,-0.9455908549531856,-0.4648909591778661,0.4518359649106612,0.71160373957643,0.376991129852029,0.2872277297150487,0.5016208670059309,0.3627142872956468,0.4693275235367612,-0.0755131831309033,0.1012575372225633,-0.3707003486245528,-0.014494468081073,-0.5203227898787087,-0.2891543921294387,-0.3219369866598517,0.1374181938890609,Americas,Latin America and the Caribbean,0
0.2044915307672148,0.4000255526608657,-1.2316735428517815,-1.0081409007703377,1.075261583598765,1.477590996250265,-1.217809764696558,-0.1047785551799463,-0.7179764569254227,-0.6547448479569269,-0.9428120109716924,1.1624716733056402,0.7367227362430941,-0.356960061000164,-0.397760926002966,0.3791790537560757,0.007937033601699,0.9690525527033812,-0.4227808005910234,-0.383601241003582,-0.3944582687169294,-0.0557212049221551,0.9026000226871532,0.1500001398954635,-0.0964279146240432,0.0952907558965407,Americas,Latin America and the Caribbean,0
-1.216279235009072,1.32653811233369,-0.979639410788706,-0.3903165571323864,0.6395359231993668,0.343876625826882,-0.2325838202690643,0.5867145786582049,-0.098845709293199,0.0829239101388926,-1.7432265846274546,0.6144253878421486,0.3414996040398539,0.1852791999783848,0.6556813329398975,-0.3608150868743531,0.8813588356758152,-1.4505829025958517,0.2534237402474177,0.5755210605304237,-0.3156136583600277,-0.5858462129386117,-0.5386815663062555,-0.2728036286320775,0.1269532644022158,0.0930596870151238,Americas,Latin America and the Caribbean,0
-0.3398272317409828,0.1336835981001974,-0.2108136343829144,-1.4059890659986911,-0.8315627894957418,1.5175530982547678,-0.6144087495060321,1.0347274375800146,-0.6728205402060161,-1.682490939494071,-0.1898454008106371,-0.612512215537541,-0.6981027562085563,0.2092450141786856,0.3100844245040232,0.3091404431881164,0.2707088836425759,-0.6290605132012412,0.2942213807338093,0.3254970062183508,-0.4213524348932504,-0.6184472938403698,0.0707546059874943,0.2685622631439562,0.3300708881222947,-0.2139249737742259,Asia,South-eastern Asia,0
-2.414362996420458,0.2826313188368584,-0.1229291250988027,0.301468682323784,-0.7772331088352928,0.1409375718518098,-0.6287688250102983,0.5028077338894499,-0.5112429504628894,0.4116206368547773,-0.1088588746657617,-0.632162890302154,-0.3705293759672015,0.8097196976285858,0.0496912099944127,-0.2120706904248017,0.1938495944176343,0.2003157256692689,0.2967503543549279,-0.1131941014330387,0.1667776119314946,-0.1725970941344098,0.0759305359355327,0.2998029530404695,-0.019421651691315,-0.2421449856053092,Europe,Eastern Europe,0
-3.244430881820011,1.9630721532375983,-1.289509416612882,0.0068686288804404,0.0560465225239083,-0.1940854237436639,-0.1897881657154538,-0.1467868808449242,-0.2144332432179434,0.3874373863173579,-0.4846590710500778,0.2248229310651703,0.0535046196295348,-0.2854093342445409,0.4749388576567832,-0.5925409688330923,0.0729821468369001,-0.3640990554202576,-0.2458523538570403,-0.0464617963312248,0.162202284048648,0.9821324668994592,-0.2596159446629559,-0.4528516938030405,0.909002975641562,-0.0053348367606811,Europe,Southern Europe,0
-4.704553272497444,-5.831875797030662,-0.2749114761837339,1.7332871576301334,0.8399180613052883,-2.205257932189616,0.0795235049912798,1.691255337076668,0.4724527777007503,0.3197590818520863,1.4159160967642963,0.9818830909605384,-0.8292685243392584,-0.639065759331054,0.2992589611261907,2.0009414078747056,-1.2552097661944828,0.6929705887723162,0.9818550605999068,-0.4797357530629864,-0.7670967614621209,-0.6958354736562345,-0.8313934496953277,0.956644185681018,0.1871117500580001,0.3217109553166322,Asia,Western Asia,0
-0.8547528301558075,0.6256102749538396,-0.3541804866562982,0.8201083061876638,-0.8729932595519732,0.6236952958137515,-1.289911597192562,-0.3316218491248832,-0.7002017387619761,0.4561514127993644,-0.5562351035406828,-0.0347422328083714,-0.0511016831598661,0.864384189608105,-0.4273617495831496,-0.2798745050101309,0.3538675728847122,0.6402127294865841,-0.0263976178567612,-0.2209852548568601,-0.6365821800112356,0.2814511849511164,-0.0436718825761821,0.1286078087277416,-0.1889420143005951,0.0785972004552895,Europe,Eastern Europe,0
-2.444696473825935,-1.715133852746574,0.9423136437185397,0.1647123949839733,-0.6072332293032208,-0.1667914895106791,0.792095749946403,1.5005492211864004,-0.7112451294112444,0.8823199775571445,-1.0098358451748235,0.7962992978589309,0.12557954217694,0.2862777130153113,1.4435370458839094,-0.8172433134233511,1.0087600442535014,-0.4588983817757341,0.3712229052949565,-0.3197048555517272,-0.2866220151721843,-0.4813418422966452,0.0447378736806657,-0.1274664412100797,0.3431924721983803,-0.0993910421462442,Europe,Eastern Europe,0
5.380801506047124,2.0700325365262606,-0.8739772242124522,-2.8619116921056698,1.0599487476538307,-2.1120874773291467,1.347789146620793,-0.3756335543972134,-0.1994201620603055,1.075588935390706,0.5896971821122358,-3.0049815191659515,-0.1142955787831987,-1.1179557412375924,0.2091316342791186,0.4199200646211653,-0.1361101448971759,0.4674529067324536,0.2381545219565767,-0.069818170982004,0.1719294972149933,0.8004723024701228,-0.2533806730588507,0.5232746696193226,0.8325126494910873,-0.3175401892479422,Africa,Sub-Saharan Africa,1
-2.717687680881857,-3.2450562519249537,2.2223402748700893,1.101381821231723,1.0287750019850486,-1.9616047193653257,0.715191792964719,-0.1200295074137889,-0.3039757873979242,0.1735395761697901,0.617870653070124,0.8698663514995968,-0.6955505276177024,-1.071555005491353,-0.842614742822948,0.5188074242998079,0.37832139375312,-0.0701098576849666,0.0608269527335803,-0.0490213039773461,0.7008077346887575,0.1369083524181054,-0.1591388515470604,0.0612655588920932,0.7323189076658778,0.0762737193214749,Asia,Western Asia,0
3.175364400802335,-0.9923209599066816,-0.1683278955369074,0.6168901030660583,-0.8291012880684232,1.022372824308252,-1.3029526195232248,-1.6671981352938374,-2.1722526944830274,-0.1183479599054057,0.3053669831480641,-1.0790929266157272,-0.5486074246676742,-0.6927574063235241,0.1770699250975805,0.9557355609634643,-0.2302920729059554,-0.6246822502528937,0.3794416803631705,-0.0592929304123612,0.6109116608279288,0.3179208511513423,-0.538328727937681,0.0170108974801389,-0.0437690013349654,-0.0834650677993684,Africa,Sub-Saharan Africa,1
-1.01385421247136,1.0234586378080195,1.8097933794322376,-0.9098153912826618,-0.3733272611132455,-0.3736726063364543,-0.4296881931352537,-0.1202025575281375,-0.834692751764741,1.3402233338050524,-0.0099776997378574,-0.798397235999248,0.35898037405916,0.7867101283093629,0.1316080937534703,-0.3214485068833421,0.0173047086721235,0.4401900881950326,0.2090011738246036,0.184473703111294,0.3764612221065702,-0.5269961816491358,0.2024350395801439,0.3884029169016819,0.1495741549133205,-0.2955964788428881,Europe,Southern Europe,0
-1.5225698325639083,0.8261797474553132,0.7545515745219588,0.6563556243726267,-1.5538947499704985,0.0497216048213678,-0.716517957770871,0.6625718343171837,0.1064318359275432,0.1314886332830091,0.6665796712406085,-0.0684356416661234,-0.6858501184035266,0.0268739678976845,0.0837689741497458,-0.4903089262220945,0.9882046726103364,0.0097880765025102,0.60721116359734,-0.5038154507148381,-0.2442668979497975,0.0795381839912433,-0.2555030435688968,0.0513654086002011,-0.2483471665964474,-0.2485247950028769,Africa,Sub-Saharan Africa,0
6.657575467573533,1.66556687950778,-0.7728882434200817,0.7268817513572008,-0.9544990092008552,-0.95477183858297,0.5994327351620711,1.587590119293953,1.8591519751591603,0.9649713541897595,-0.795093050503138,1.046159274894118,0.2234754820358248,-0.9167320691764194,-0.0520590099804372,-0.0212864590589103,-0.7660290515670393,-0.1475738010778587,-0.0071707783905003,0.4276820299292221,1.3892649703122353,-0.5885207228126302,-0.8362003162246688,-0.0436454781889228,-0.0364734537968995,-0.3242968554619943,Africa,Sub-Saharan Africa,1
-3.4697993735447525,-3.3293759865286883,-1.781469486864207,-0.5448036978623642,1.4047285235025873,-0.2668020977872852,-0.678441174011887,-0.4744652514469593,1.4284213568703683,0.0770139079822922,0.1869312831963367,-2.0480882630010577,-0.0665618985547478,1.1206492584551473,0.1933848528413801,0.8805985843693134,1.0141391883690036,1.6680020560568245,-0.2918688521390327,-0.0571027403247886,1.779708803383805,-0.8185426670687146,0.1980708506574471,0.1914344947274374,-0.1489363058707026,-0.1473441519911641,Asia,South-eastern Asia,0
-2.199190736084099,0.3967176149507181,-0.0534911960988932,0.1869397195588321,-0.7026218875123444,0.2483348096062118,-0.7101814736835083,-0.2153409572077917,0.2023142979797374,-0.1426717090458127,0.3709508009116346,-0.4459520594533239,0.3317200111437648,0.3758320429958793,0.1580917487617058,-0.6426088573240312,0.5191378309285708,0.2305772446361493,-0.0977042366749663,-0.1453716650540735,-0.57840396886968,-0.1433592096500414,0.1258791253451647,0.7762821929946201,-0.5988657312365268,0.042739566934308,Europe,Eastern Europe,0
-3.288964412745987,0.2824781682680587,-1.1030043055668606,-0.1315338147205433,-0.5246182064388915,-0.3139549158416642,-0.5079079121164531,-0.3025596888512695,0.3580594255717438,-0.0905126190308639,0.913770385938505,0.0222934329441413,0.249246098688244,0.3658636674439567,-0.191200587025211,-0.7134468373738996,-0.0498498041963319,-0.2533859564724148,-0.2942767794843631,0.083503805537049,0.1512607126599824,0.7376159514731732,0.0867326122447993,0.2356186011247311,-0.109681989778207,0.3524167799940742,Europe,Southern Europe,0
3.211275426440961,-0.0808454917084074,-0.1439937195311274,1.5253258003656325,-1.395884628239605,-1.5351785828866449,0.1568588086106697,0.955271864768679,0.8067166721227379,-2.2985471674447533,0.7155960565549583,0.4785346343710345,-1.9762375108839252,-0.2531163308156565,-0.8377353082979228,-1.7349658175803024,0.496681552796199,0.1888257110326277,0.010958622186075,-0.4455543524695643,-0.6912416948257235,0.1889270309901597,-0.4929718250304637,-0.0916485550523658,-0.1297392339429126,-1.0834067073608462,Oceania,Melanesia,1
-0.1407820100444562,0.7524811017986269,3.5492729937425302,-0.3208595814668649,1.3386122377722376,-0.774874381454627,1.1075675292082867,-2.501317907476873,-1.183646572145573,2.180879828581727,-0.4139135281359195,-1.186075144416099,0.1997113348558252,-0.2060517156805086,1.218159422470653,-0.5855273058231928,-0.942173659226895,-0.6311665000973882,-0.4996079702108713,-0.2513913062917436,1.2776661294731937,-0.4756722990973957,0.5076414493618342,0.6528412266994578,-0.2615839345835984,0.1201167555135141,Africa,Sub-Saharan Africa,0
-3.7146875404340616,1.662772427621266,-0.385370224603432,-0.1816750653489099,0.9396947739779098,-0.2477300508286141,0.4847831340740454,-1.6507047888054829,-0.0363520387517837,0.831011784718625,0.0142066718080959,-0.2844068709154865,-0.0760126621133457,0.1461072039677535,-0.3217465273892319,-0.2870401819774084,-0.2366210281782364,-0.5764173336399023,0.1704977619123938,0.2976821754534565,0.0597047257250049,0.2502909075311081,0.0434997120808476,-0.1867407977837197,0.3278585939399326,0.1396150684791048,Europe,Southern Europe,0
0.2136986325512042,-0.3353762387568727,-0.0238966909973318,-1.645462167706445,-0.9154642372622918,1.0824066041815623,-1.2448665168811976,0.6449050651790647,0.7697157956819827,-1.613483927161654,-0.3719426446919796,0.950058150080918,0.0122654061930144,0.4637440657354586,-0.6578872998574413,-0.1203122586029407,-0.4966400246078998,0.633643754308393,-0.0423610815586272,0.6785194642662187,-0.1866871848021221,0.7482676065628233,-0.3757715490190446,0.4976924732631105,0.429072625509186,0.2580206312559654,Asia,Southern Asia,0
-0.7539203380865068,0.3522543507021989,1.740993510266886,-1.6204249264100292,0.5294293871719179,1.0091057201949285,-0.6070325523906716,-1.3214140066215545,1.4333942393078976,-0.3681891172170026,-0.3061336217999335,-0.5461707014372364,-0.5565078035766183,0.771362557282175,0.2065100788154946,-0.7342123740477127,-0.3026859339151185,-0.0258899616819109,0.275362999013677,0.985003145857976,-0.4857862056502727,0.9155705121121442,-0.0715884434302491,1.2048306859109343,0.1083119268989606,0.2913052364995177,Americas,Latin America and the Caribbean,0
-1.3635766229759458,1.1442232218478476,2.508633939177723,-1.9162043895696528,0.8120003109772236,1.036462367243177,-0.2401490708239853,-0.6656424669080107,1.9150376691652893,-0.7347423359197258,-0.3066984828908106,0.0624266788048808,-0.5370351236635329,0.0575537255048753,0.3609480104187803,0.0800973256197897,-0.6719552087816459,-0.6129166426370007,0.4956023316476989,0.8079950458027899,-1.476941670069549,-0.3531778308510243,-0.0609667747667396,0.1414849213727621,-0.1950865051059505,0.4182579800469893,Americas,Latin America and the Caribbean,0
-0.3742272738283685,-2.880329541151203,0.1232485893791829,-0.8807247899056236,2.152285169243339,0.4506503513744206,-0.1494067009386702,0.4023790782633767,-0.7727932764086348,-0.4179339800021788,1.3085808338262848,-0.127129795516215,0.8553460093346642,1.1981745297163535,-0.9153147098330978,-0.2853250381148657,0.1965981018706233,-0.3337649043242622,0.0213444144289527,0.7138674981013061,-1.2813877165443608,0.6450622501479448,0.6376677608014817,-0.9134956048171436,0.2324299874510698,-0.8294642724739026,Americas,Latin America and the Caribbean,0
-3.836611596668965,1.948579520308624,-2.349101099853507,-1.2843753457096696,1.330796025688589,-1.963571238472116,0.5454459070425374,-0.2062969784433041,-0.4275477501705352,-0.6367388131475357,0.9905615916327586,-0.2398087689254807,0.0303931304168824,0.1282578789047504,-1.204206496042067,0.2881337766893666,-0.3834705170910354,-0.1884264112980188,0.5186490257589278,-0.6289607051325833,0.5343952961503139,-0.2922931844363137,0.799552169987903,-0.0536909777401653,-0.4595668446996932,-0.2234585866952667,Europe,Northern Europe,0
-4.4841507550647455,-0.0679696218303091,-2.9555733856826274,-0.2320655626211554,0.4119113395615679,0.1777535890953121,-0.168524835732003,-0.6184109091403803,1.020479333197344,-0.0307701843756272,1.1756436891370152,-0.2666007580365359,0.9491836239080056,-0.5056279699520887,-0.0441584293342249,0.5823029948682951,0.0662859946292049,-0.2580295294053644,-1.0972360551324818,0.4722820627536881,-0.292266837765807,0.4099926593193089,-0.2877545575630452,1.0440185695350936,0.056909579468785,-0.3735000213379417,Europe,Western Europe,0
1.77811773234944,-2.991759481881596,2.835141771669601,1.8822513669439889,0.8380913641615544,0.9063915620426356,-0.4028662173279732,-1.1837745213729285,-0.6582091463030593,0.2225085527017418,-0.06777902210274,0.4828063600863232,0.63272029153029,0.2302224986992059,-0.8872684029988115,0.6893982064328761,0.0626195381402058,-0.8528850079426087,-1.0172980220542618,0.6846796355439084,0.8498641647289668,1.954189550623064,-0.8211284072217484,-0.0167837977305381,-1.1497638217468096,0.1597551017501611,Asia,Western Asia,0
2.030193918353368,0.1777981556796823,0.5524560831817454,-2.202431242314573,0.005987028714055,0.2292067089309337,-0.5622988183537763,0.4920019887922489,-1.059191414327789,-0.9777688498365994,-0.3040515485011515,1.191398807393662,0.5504443702395295,1.317333336870696,0.3171728797105893,0.50100795267463,-0.2692840896076318,1.3334319755400776,-0.2853820847284352,1.152645154106578,0.6832677039459136,0.0085314143879334,-0.578935114300121,0.041791731723527,0.3044813916171188,0.5098979279160454,Asia,Central Asia,1
5.1934974757904016,-1.693454105165633,-2.648784258613784,-1.0940120264954951,0.0251115958931448,0.3841010942405469,-0.6022097860466958,-0.6303713893975775,-1.0385820496594074,0.287528736722565,0.4360925379557188,-1.9238469831381304,-0.4611895707787524,0.5022900941581377,0.3737379550882511,0.0821446476049208,-0.4067192450279593,0.0371346667406746,0.2632740425562012,0.5063727702135298,-0.3354658035818857,-0.1860815578954023,-0.6911762806601051,-0.4814985010581163,0.0329108050362194,0.2956638862085668,Africa,Sub-Saharan Africa,1
-2.1216819040522856,-1.4877910768345348,-0.4766746195415802,0.1944323430922418,-1.3668391280367762,0.3720187759432806,-0.3446256075720272,0.4932675636970035,0.7751543998630849,-0.961394818358599,0.1161009673159711,0.3882992172786881,0.3684953334499171,0.768624098733811,0.5247471546389387,-1.1412957460836797,0.0982222891556418,-0.0758863460610127,-0.4748830920001839,-0.1618413214286581,0.4215133050079303,0.7383668045292837,0.138041902876562,-0.5560886403927632,0.1196383073411722,0.238963952226583,Asia,South-eastern Asia,0
2.7592139929201647,3.32111888960141,2.742768935008149,4.322063392580335,-0.1978553577625952,-5.849836039406265,3.076707175323442,1.197385395860327,-3.127202587061604,-4.749057381924227,0.3982257269855375,-0.7658448734225752,-1.4330394091537286,-0.320820668658489,-0.7788751791809447,-1.680068222506739,1.6455506014289198,1.1796954329652547,-1.2658884310178369,0.9573335030849328,-0.1603674130110362,0.1400223867952534,0.4417656676294534,-0.0820269947032489,0.7015894993551116,1.0532005065525971,Asia,South-eastern Asia,1
4.573901376643393,0.3887689801071098,-1.1019082488696534,-1.8276062083173497,-0.4302606216674474,-0.4369091126886102,0.0677758835332984,1.270917178853434,0.0198295800454249,-0.124109151483529,0.1142499551796917,0.193738183815904,-0.4737218546589855,-1.0867553779208512,0.6082575791480356,-0.2728892833288047,-0.3831359149529039,0.5889161715929437,-0.7085455144562364,-0.4328804222839017,0.4792568402516322,-0.8760872679811116,0.8722992978656732,-0.1482886479541494,-0.0748783420199258,-0.7050939221496509,Africa,Sub-Saharan Africa,1
0.4690980145817706,1.9246840153523423,1.9150929734553752,-0.4455812768020923,-1.6243789282011891,0.8336708852792293,-0.5953119487301651,2.021999795306901,0.9234070295526354,-2.448391323347988,-0.5480614620513343,0.529022180223373,-1.943413648637638,-0.6197791102199436,0.8198643593062016,1.1532481960498155,1.01895734844875,1.036397537335672,0.1774575479036463,-0.2218007350905317,0.3996353262520783,0.6784197814623186,-0.2182095513284089,0.4883354555223004,0.2138357404276443,0.2271528106593527,Oceania,Polynesia,0
-1.3560220957954006,0.2693656907015568,3.2942346436199266,0.6579042236721931,-2.263787194875013,-1.5363692205269055,0.3999974965454849,1.929589553869708,-1.705023050204442,1.2989520503512515,1.9926415601152927,-0.3411554678501015,-0.1083757215958597,0.7178410668007736,1.930448992260511,1.900840597560086,-1.8204167276087035,0.5607512925319088,0.8684032621441414,-0.3916503521580342,-0.5204201568576493,-0.0250747745272523,0.0065264723380036,0.1710312930515193,0.0457157842314574,-0.0357556099161319,Americas,Latin America and the Caribbean,0
-0.7329423598728407,1.2283415518784442,2.997487565420156,-0.9283699226114642,0.0207239702327511,-0.4453635462759553,0.1544452006728486,-0.427780103678115,0.292580666668432,0.796785268156776,0.4054072609548338,-0.6210223641787355,0.140446771550891,-0.7451442841991184,-0.5734965983730591,0.3398494125532673,0.5491889024427309,-0.3412033606965584,0.4147962056468093,-0.5201970844629328,0.9222093465935663,0.3006370464046899,0.134497853004379,-0.0238374411914848,-0.2850474546073044,-0.4101315248469679,Africa,Northern Africa,0
-1.5742418196642345,-0.5553354739136089,1.0241923509081805,-0.4167040718454786,0.6999710874957348,1.3157142392477588,-0.4619926697982036,-0.5410881277795612,-0.4879480139334304,0.2939936071875024,-0.9818359956183624,0.2135302268223909,-0.0339287957792709,-0.0393424146279857,0.2646204936932279,-0.2954217616312092,0.6099616880283041,0.7516760505831936,0.0408676696811975,-0.1606325146921683,0.4349166889242039,-0.6598017137858487,-0.4117052178001227,0.017086798998139,-0.055278419410408,0.3996586256206037,Asia,Western Asia,0
5.81029124954902,-0.5076845226154822,-1.1887287034833909,-2.253193503602495,0.0774245168632137,-0.1482254337440122,-0.3021936972368301,-1.006785591373481,-0.9699700133568664,1.4674481702078097,0.7027758131682676,-0.3069307152294716,0.7637785200937306,-1.109241251417063,-0.7562973313401791,-0.5110880929407385,-0.0459523283143097,0.6420544914342543,0.1989944563108468,0.5410573168582592,-0.7239114223189725,0.1009055275427198,-1.178041423185641,0.2804835332948464,0.5753502561723113,0.245392060528222,Africa,Sub-Saharan Africa,1
-1.1679142046001654,0.4279868993788118,2.7507923021341885,0.4509061223985873,-1.1118871344287835,0.3840153700970196,-0.4286568010685418,0.9585054566181416,-0.8114302318864801,0.9132928780737584,-0.9014377566643782,0.3490679806156054,-0.1844533197456705,0.6017660433481127,1.0384973505622968,-0.8987387436691914,-0.0592535326323881,0.0098136829417474,-0.1396933299736125,-0.6496395236879338,0.0957344279433384,-0.5418302314940193,0.1118119996791574,-0.6507501798736312,-0.6428754789377714,-0.6094313450648872,Europe,Eastern Europe,0
-3.05058226651836,-3.115161078169133,0.2498210078445807,1.7637764282255557,0.2801993171030276,-1.6860058107052538,0.2385120169999523,1.4331976021766475,1.0373071363309727,0.8364258156081307,0.586530718502286,-0.5594335568757932,1.3124861225288666,-0.867300278810179,-1.067080558566,0.2824843727110026,-0.9347200210775196,-0.0317212558112404,1.5183699865477176,-0.3627438065586014,0.2551706864349324,0.3487797186558058,-0.295519222341987,0.5526515784686817,0.5922804345094923,-0.1669025969165983,Asia,Western Asia,0
-4.112043026385433,1.6622311935139,-1.510831378136286,1.2115669696558522,-1.000178370097622,0.259864387158937,0.7672353406872525,-0.400511534174072,0.1754193187208847,0.0620352089005697,0.4899223878767836,-0.3860283108309513,0.5419607737062644,-0.5693746493224485,0.0031579085678687,-0.186736651196517,0.2110967151441872,-0.2662004678419665,0.051267380194533,0.3776783413108068,0.2006655895785606,-0.0230369516554283,0.1856154174254986,0.0111010770123541,-0.0760018754887768,0.2094324243171989,Europe,Northern Europe,0
-4.85504734421177,-0.3397618810536315,-2.367214268907789,1.5284927358209766,-2.898204424988551,2.4664891940848324,6.867021485880007,-1.1808381997787984,-0.5278172932315787,1.9467469392298813,-1.3085977258927743,1.1647295349741504,-1.26010489213134,-1.8746106016999424,0.4980711314795505,0.933838389852054,0.0880378523782843,2.6565465832966333,2.524804819293488,3.383429780226196,0.0537063300120983,0.6377682539026075,1.1887258439969657,-0.229132239656831,-0.8265734599670712,-0.9606185385058552,Americas,Northern America,0
-2.5510410368417142,2.055134595295395,-1.532259571675419,0.0829717095970787,1.1991940711208406,0.4435760934260842,-0.4755305885982977,0.2127185238691942,0.302472958537678,0.1239632405254834,-1.3431121444536624,2.080706284818044,0.9803516959362736,-0.7031115980418015,-0.5616095883892754,-0.2706610466475079,-0.2500190253305789,-0.7193175397579246,-0.0267913341163902,-0.106569635073467,-0.0018085322013832,-0.2018854718673332,0.0787076391585042,-0.8612714990842262,0.600076283565039,0.181307038550008,Americas,Latin America and the Caribbean,0
-0.7219135199384125,-1.9865979932775215,2.1490828687998733,-1.1743706569346593,-0.3113448474608327,-0.0816519723303119,-0.415424387085602,1.3025635638085913,-1.6099528165487198,-0.7497681138863295,-0.6526368601370196,0.8644148460392016,-0.7968368481120911,0.0015359974417662,0.394727580344957,0.2694979998174948,-0.9859454633378828,-0.6606024057865778,-0.8477845845000916,0.4911764416165891,0.8885347931749302,0.9361013144724264,0.4975599816615459,-0.5560073863763425,-0.4659606431327195,0.4152321523209016,Asia,Central Asia,0
1.8922917696374304,-1.2308357718751708,-0.7025236784535727,-0.8284711993377215,-1.480204292874396,1.2915098959864977,-0.9973431058532918,0.5853592551912045,1.5955258207073206,-1.5928547584207575,0.8894624384508382,0.9038412830353486,-1.6475256851240043,-0.8875087324017428,0.4518526336213325,-0.9411936657356949,0.2564559057498042,-0.6507755300412287,-0.1215997828399413,-0.3785184957130414,-0.8176079411178313,0.1928551441499369,0.0524115573806207,0.1945934505966374,-0.1109756147029611,-1.185233332270261,Oceania,Melanesia,1
1.4436817719244557,2.7902361889531004,1.7211639673322328,4.170592945563816,10.02372577924254,9.041433103750084,2.340782957727379,5.218617872542765,-1.6991993502128686,-0.0354577553298764,3.4623940336809382,0.2083382886168483,-0.3913993250234159,-0.1606622690258022,-0.5142412072508913,-1.920862914758368,-0.6829561776913894,0.9594196934643726,0.1134625521558024,-0.3431813160403216,0.8442422214240917,0.1609400759163399,-0.9699217320712916,0.1449427268562004,-0.6519202683686556,-0.1052209401498047,Americas,Latin America and the Caribbean,0
-1.4776475458878258,-0.2863866582054946,-0.1800532187653288,-1.3493626147713684,-1.828917691844261,0.7545346323601901,-0.2977788100565692,1.632168670235516,0.1401509325018004,-0.5478803668430515,0.5919064637577184,-0.6553799799329876,1.4372388451658402,0.0197726000877438,-0.1878437023068108,0.0216576364592806,-0.5778763697521353,-1.1232645354226434,-0.9820442508281936,0.6010808020593383,0.1429809747013734,0.6779066930804457,0.4299902943455856,0.5535277562953698,-0.3010515942519773,-0.4131266390011701,Asia,South-eastern Asia,0
-0.0066259468915122,2.332029822173825,4.624805435813095,-0.3367841460673587,1.5410286543077054,0.2523331560223139,0.6255739458614362,-2.83608828453552,1.7424052459664972,0.1104766514560655,0.910393935413644,0.1097834191287882,-0.8772844230503289,-0.9536121320157324,-0.942810207972066,1.6100224448086524,0.3171158563873649,-0.8190590232419053,0.6634368754667942,-0.0141185713351667,-0.1993785801193364,0.3475598134708132,-0.2581730087534606,-0.5715762954531601,1.0596986208273165,0.6007375907351913,Asia,Western Asia,0
4.050385263059379,-1.843163043891861,-1.193155337243434,-2.443421592593048,1.6574328377592658,-0.2521614070043639,-0.3074448871810758,-1.3048877156737588,-0.5822083085909284,0.5527507613296081,0.3556548645602828,1.37898331925608,0.2255141993764777,0.7885583855262439,-0.2760030755291636,-0.5626256223388212,0.3049022319684947,0.2606360917741186,-0.3033784562169412,0.8638764347627917,0.1163539007537457,-0.9215263277622052,0.0379012133843628,0.0095024247102897,-0.1067474174887032,1.0040223028483322,Africa,Sub-Saharan Africa,1
4.115260592310462,0.3469598532357443,-0.6975681532447701,-3.0670710134298496,-1.547742139334661,0.3198017026087758,-0.8423832649451992,2.395116519088393,-0.1927426358889316,4.874096651477907,2.762646328816368,0.581322852084191,-1.6510637207506038,-0.7304710397297551,-1.9506702866340575,-0.5640023702989367,2.993555284206012,-0.8773240365836676,-0.5562145263102344,0.0763880934066767,0.0258028166122173,-0.0266678468355956,1.3587912627805212,0.5952358690756591,0.0996286242101993,0.1200179122044839,Africa,Sub-Saharan Africa,1
