PCA1,PCA2,PCA3,PCA4,PCA5,PCA6,PCA7,PCA8,PCA9,PCA10,PCA11,PCA12,PCA13,PCA14,PCA15,PCA16,PCA17,PCA18,PCA19,PCA20,PCA21,PCA22,PCA23,PCA24,PCA25,PCA26
-0.6438049977658438,2.1911359948372993,0.321807692096526,-1.441854684828614,0.17122010803229407,0.14985796460120243,-0.4715426908276996,-0.20615117647739692,-0.06044916585857073,0.3422542278922192,-0.06568958497234949,0.30854253559309075,1.6211835830770382,0.25727476909929475,-0.7824094287480197,0.14537560319056975,-0.18615408805125794,0.6061482602035217,-0.352419343319796,0.5358562634674582,-0.5623250298596425,-0.3572431542672125,0.17138978466318716,0.09231637278271508,0.2492224931959489,-0.07506621931768637
-1.2990585092912164,-1.662511631602091,2.9660264599458515,-1.4777201016775314,1.362689125066578,-0.44401089236511015,0.4868244949089205,-0.04499950449935432,-0.11772250185365594,-1.0320818521109039,-0.054339020501009166,-0.8421223460575803,-0.02547974541181796,0.06522958057861156,-0.2805343687751885,0.052725552713137155,0.2891817913495273,-1.1616399592881987,0.13264755409462417,0.6828344224297489,-0.4422277390969374,-0.5555205780115334,0.16641306262320762,0.0024645452696629246,-0.10256454732601533,-0.001728282411643785
4.7103513353954956,-1.789951591572585,-1.1559777655559405,0.5979631021046643,2.055440106640036,-1.4766134517525686,0.8937464667207426,-0.6159021555078646,-0.8994343255521241,0.7174014602997132,-0.9170112097223687,-1.700350939365174,2.031055670294321,-0.36332320408201096,-0.06751010280031552,-1.1515888485507544,-0.3206417975381099,-0.08718840024928656,0.26785175760541424,0.3640751412831496,-0.8532579503894606,-0.2225142127712611,-0.5192798789462473,-0.2916662909636895,-0.9789073336392566,0.6444496499756668
-1.169204372431149,-0.03753494527333809,1.189765072804674,0.6389264846046312,-0.24187984188729197,-0.0019008727231400251,-0.28729694804451905,0.5955943973700105,1.3576934806709835,-1.4320656302149914,-1.164635364888248,-0.906616953180145,0.05912214865338585,0.5158139959464957,0.7647116502445772,-0.9362395707515004,-0.34422716068220105,0.9007728838900969,0.17008709716994608,0.3480058138962636,0.08590023215900756,0.2554771177799467,-0.6025484157553168,1.2176862216311142,0.3506135147474529,-0.00023934345568469412
-2.0811423248294405,1.4097225483364317,0.5316035309976438,-0.044671488801662024,0.6168546401347551,0.04070612705435521,-0.1931879792989923,0.2736940206987254,-0.8071408430287754,-0.1465718020755977,-1.6517551159291046,-0.5054525064426442,0.09840166694209054,-1.0358553020450672,-0.2980488592258922,0.4251129737927725,0.1310274549426094,-0.6915478377075329,1.037101186851496,-0.3028546777750326,0.3670276082123855,-0.5838648641110171,-0.2727450094484566,-0.13311025668389329,0.10268103830569932,-0.16511560484939838
-0.41751127014092276,1.202809380145892,2.528205322994427,-0.23027659145126086,0.4229605858967742,1.0827232531184483,-0.8952509918647462,-1.4748533096101346,0.22305247484411594,0.7731811996118496,-1.4917078634927583,-0.023760190354979446,0.21610113661492775,-0.29132465719396006,0.19170065950423823,-0.10121165548473902,0.3217480140781912,0.702504378255857,-0.13158728585342408,0.29835552004896,-0.04730214322232123,-0.3832471338510027,-0.15306111382186158,0.439572323113512,0.26266292149837805,0.2831350650837955
-2.692732111390044,1.7166181844939286,1.7331835430167717,-0.5086714089230365,0.8535177575679752,-0.2918505797711381,0.22163767425201394,-0.44785138634276184,1.277637635152068,0.37528048665086233,-0.5768570833740222,0.22266647763393543,-0.6953371239893733,-0.5910814463628616,1.2053129699438925,-1.347212965942966,0.6016024186586453,0.20059750982324365,0.6291973989826345,-0.7559002338019687,-1.0490540578278833,-0.4224377207133464,-0.2850333679469926,1.705844355714419,0.11781618562239876,-0.4231902361663762
-5.168061441174713,0.8740877985210461,-1.3971388147401895,1.483287932173537,-0.5807072688245156,-0.5579065405731762,0.4531837367319932,0.26451917010111214,0.321778847362143,0.9460460661327781,0.9965113960412504,-0.08603575619125249,-0.1116331726844602,0.2888886366777857,0.5688325777474904,-0.4460352892149228,-0.5740584415458707,-0.8055732137856453,0.5399997932155775,0.14761883690499314,-1.371009059182567,-0.1879036442181279,0.026267474464464365,0.1412486786638359,0.36238131905968857,0.19543540534573173
-4.008664372658312,1.2544977445824268,-2.3308663554062896,-0.09562031665987596,0.19608083006167162,-0.061054930142565515,-0.14497221140263453,-0.3916315854857864,-0.4656374467843616,-0.040030655358071154,0.45142526948533396,0.9982875773151951,0.29322524706339176,-0.535692657578493,0.804981498835689,-0.4512481413127176,0.162274983842907,-0.197339238343101,-0.5504402230687625,-0.007385736639157627,-0.5477177887957382,0.6784284041137054,-0.7317554805013292,0.4723171252271983,0.6722722179026385,-0.30345669942278236
-1.0246449068756476,-2.314209520525704,1.285582052924265,0.005914299580345164,0.06230362109545185,-0.4672333253626454,-0.9347745389524016,1.1380029884286644,-1.0242258042619006,-0.2641228019623544,-1.5244636257952007,-0.47420038246795543,0.24430517580827804,0.18476495733235454,-0.6473231397001843,-1.0272761227128977,0.361014350046122,0.24793200078872893,-0.2047647520088849,1.0615691587173643,0.3189703601355083,-0.16609792427067188,0.6472033712653621,0.4904921046013368,-0.05460521648535653,0.2417291112136384
-1.1755105685361114,-1.0155556847191125,0.4726566344794559,1.8319236877547105,0.3468805672087347,1.7386322075765623,-1.664325332057178,-2.175446591171177,-0.06102285433982586,0.714563728235852,-1.2782403704300276,-0.1233911149185192,-0.05204053392645508,-0.24397934333302673,1.0321902252914685,-0.12795114931481985,0.9120659760641548,0.989691064446579,0.4187924815502999,-0.5334557549208181,-0.1015498918590111,-0.4544210484246505,-0.3288171009771818,0.2818112615464314,-0.08689551859753687,0.2757778508262278
-3.5694709675645218,-3.1252930159299304,0.7494579550228733,1.2462564194287395,-0.3584777817325327,-0.749971872366466,-0.38104439884436114,0.8040181942183562,0.2311304585705687,0.15242979603067314,0.46033667684940865,0.6089882139844117,0.33894809959641875,-0.5460416169801292,0.9086033439660787,0.5570693545353205,-0.7449379546008883,0.22482116726702372,0.95748832484767,-0.7638001960803985,0.6348772673649044,0.060730537715960306,-1.0081599430053034,-0.738174458856413,0.32189621613285213,-0.09081145784797229
1.9296258088622393,-2.2267739009288423,0.47213264607040506,-1.847862504237923,-0.8982604900913596,0.7391171786690569,-0.10605367860254993,-0.04050530744204377,0.8099735863142897,-0.8239673396593548,0.6196663389005992,-1.508060102429192,0.5400685337510616,0.6142011985626318,-0.7272545625389482,0.40838984602764533,0.3025481313444288,0.5282781751482628,1.1734412668396177,-0.6831752652853805,0.11232331781702244,1.358871165514533,-0.10886791750416516,-0.1886894174236564,0.3478074215039343,-0.19926862669367512
-1.7528252717260935,1.3268187220037269,0.5854558549939709,0.7334835536132217,-1.3278295068280714,0.5862147212417798,-0.9052318238561844,-0.13327137040193499,1.2657361995993568,0.21017258809589365,0.2026159518313278,-0.48221125064148496,0.1539257776687619,-0.5199822707772309,-0.9470161166757617,-0.23333696651700805,-0.5589662222334599,-0.5136253344306457,-0.07078643086452897,0.3787593654526018,0.1821140980854473,1.3528712241442291,-0.15613651336368017,1.3437465744146304,-0.2576503249765552,0.4038694612554355
-2.0649559506616493,-0.7211563429224623,1.0660176778092005,-0.7225542812736084,-0.5367246705475367,-0.09663160910000752,-0.881434278676228,1.0017178636610709,-1.1034600469399862,0.6981867813129335,-0.1697491468257009,-1.0512766515315408,-0.11630548276465465,0.7602280678838795,0.11927598884731525,-0.12604265641922793,0.17503512952825587,-0.6042268119142185,1.0236782874352877,-0.15921566616272534,0.09900637348026343,-0.73988844345729,0.09361996199259273,-0.4869218113719765,-0.2641049837107062,-0.4119357989831307
-4.656554068276332,1.6069387565984892,-1.286051472406097,0.550864376508961,0.5666145593597325,-0.7166110654152266,-0.27887393865766164,-0.10717498778191777,-0.7145819249915374,0.15555981473775765,-0.04403148161323876,-0.06422317108100588,-1.1002645259295953,0.14292858697002542,-0.5007686100439926,-0.05121739818388503,-0.5033487247380471,-0.7767191302693758,0.8658784185729509,-0.199880963084684,0.2623149635732376,-0.589642741324447,0.22723409712283657,-0.2944855124098542,-0.05892415045882981,0.4995148192738895
-0.017981147481438055,1.1759294271729122,-0.0030867317897933693,0.46727944729965176,-0.26068473443616685,-0.5730161933737202,0.13895264368443733,0.3043697567544936,1.1009250306609912,-1.0477910200707856,-0.22007024290649665,0.7734621195779673,1.2938534009450406,0.051667380992359055,-0.6854773548220365,-0.9462694340155692,-0.807864208847372,0.4142664504415514,0.065392830504297,-0.12300013182223711,1.0565310081253816,1.2882332537709615,0.5809885018519101,-0.20599011862890218,-0.1346527894533518,0.39843201024560987
3.9766360485838224,-1.2434054405417794,-0.5154847640773405,-1.1876920915096807,-1.5696236216565145,-0.7815669865994722,-0.26684000121681684,0.6366664251365901,1.2275008839438826,0.14039441378181894,0.35679236692822797,-0.6169097426535247,-0.40901710494010074,-1.0344171536305666,0.10125181933157662,-1.3183525370443994,-0.97950047340934,0.2665246439441506,0.7556112979108669,-0.30154011241523404,0.8717800735529115,-0.2370356454971916,0.5077961320619208,-0.8447111871693308,-0.796094499189096,0.3470943584738617
1.551578924620151,-0.0848390700347726,-0.3994636170260728,-1.3483466230289451,-1.1579679851004847,-0.27430170766013307,-0.6203206848977645,0.09511849654795497,-0.6814471045765846,-0.8168284353466096,1.1458677153077692,1.576773527206608,1.181301451575737,0.720170437783492,-0.09783477407925971,0.11551577394657934,-0.7547779922641789,1.5212827605654897,-0.4423709495783735,-0.41893050491613537,0.5561206191378565,0.0013165632763296644,0.5208904068615838,-0.6482690090350548,0.811513399461152,-0.14461707392233264
-0.6459665819726003,1.422932502762022,-0.18847740961390308,0.2772987660985641,-0.27281511982350015,0.5942709343232104,-0.6058542229719577,0.556967381294492,-2.1108426547534482,-0.3118541775175944,-0.30037457846695287,-1.468616718410568,-0.1807988663807584,-0.5462715955027712,0.08789721834872541,0.6824944320519684,0.6318144110181114,-1.2670605019183814,-0.41025186809354725,0.32509598994635963,0.509138400983998,-0.3069480311020748,-0.08081472848673696,0.14130759767271125,0.09998137517640791,-0.8351969845614348
-0.7130577196823958,1.4572360634709631,2.7311093776940307,-0.5256175629756424,-0.1819265315066773,-0.05476290098490333,-0.09999784102582471,-0.9592982078153462,-0.2793016946345613,1.128883282344794,0.3498200066745982,0.3384512271510005,0.4060214192158167,0.5721230918853714,0.4797861763906718,-0.26888293423631227,-0.7091261548351718,0.20453116636769691,-0.4701586825910231,-0.08984538756852868,-0.35038417136524064,-0.06232827789514905,0.33460978133094965,0.3069669178546914,0.044875699393696664,-0.2572490635573997
0.6890324954078489,-1.1820214762794627,1.294643800549258,-0.566839117890056,1.5476242246793142,-0.45513374563482323,0.062404236693277965,-1.3486154673091046,1.700821816186827,0.04033914969865055,-0.7576232907628476,-0.3377973354408272,-1.4577685252551609,0.3348428263028328,0.38384434077557555,0.2998526362443343,-0.020908932653136578,0.4374591680352665,-0.6514850751668808,-0.14917999315585237,0.7050493616717373,-0.16033721162871023,-0.04975138397347211,-0.8123997650349228,-0.6408478051591163,0.12753890851114918
-1.431791911379225,1.5004798798287,0.06859996518497077,-0.9818351330689626,0.7207664061112855,0.27015793952868034,1.6760441003303657,-0.03916681726939634,0.49186305011778575,-0.7187990899513614,-1.5795972748916178,1.3131718336416593,1.2432225947713818,-1.768721106210066,0.1915381897053339,-0.3538914857788661,0.798537514824253,0.27844851208109095,-0.10830456136150006,-1.2776589692259868,-0.014855384709033519,-0.5747475090090907,0.42641723813831334,-0.11496865004677882,-0.24088242114117522,-0.26452973430112237
-3.7195343864814565,-4.103056793631737,1.3065882396973363,0.41489367852349596,1.3624542425185042,-1.8818998578757533,0.29529625551955163,0.2659250466433791,-0.00568106425593094,-1.1607468060339547,0.7091877270477936,0.9063811823832352,-0.8253688077365269,0.23690226995322472,0.5664534255360675,-0.2289940847581072,-0.1327892836605737,0.39251426793968086,0.491622149144749,0.11220528291666604,-0.8371149654845049,-0.8859546987180523,-0.30370966936970295,0.3485949833377523,-0.1307766997915784,0.29110964443977316
-1.75331833588553,-0.2601099910372669,0.10189794746205551,0.7836288703546384,-0.7427691184621745,0.838638948107853,-1.2309363170585794,-0.6503327493398745,-0.9536083708354652,0.3949651262680741,-0.2875394877936197,-0.11289767373639217,0.2351301426771003,0.4143098901073879,0.5172833875877696,-0.40262970213144905,0.2670502961032414,-0.2115050853054938,-0.1908448668920303,-0.18918608769505252,-0.030307230211812735,-0.4559593175658359,0.0547957696551762,-0.26213884824726313,-0.20726057331416892,-0.2186041771697168
5.923728460218759,-1.1560961141952575,-1.2098768263799138,0.4316894884909975,-1.1085316420507907,0.14564974866974326,-0.6104220896154718,-0.8969494910222453,0.23252445608779743,0.5330155257086595,0.5941279104462684,0.09201984588453856,-1.7406084347143718,-1.2378647173792294,0.19776817585197534,-1.143845851845477,-0.06298015347805347,-0.33614176708071225,-0.5673126001442039,0.22748105397576235,0.548813818563003,-0.6222156578743453,-0.20522122532520523,0.16189731613146263,-0.6624528210615037,0.35919938362684894
7.213891836150824,2.256207862712133,-1.955546709071416,0.25090963461551896,-0.8586951064991429,-2.549344600731691,1.1953656297891064,0.8929406505348105,-0.5353562079378882,0.06522291366492702,-0.09300565094492955,1.537622246338589,0.5806145418512018,-0.21732694806830397,0.8243839916037662,0.1726795162416256,1.7916888348377735,-1.3903931277211752,1.1612251497296824,-0.07285333172829733,1.1281032683551584,-0.11893776831256661,-1.0284503410463444,1.7638895247681834,-0.4991207532082585,0.24498434802784322
-0.43153841809035326,0.36017113495947584,0.5219482857810471,-1.0874644474500939,0.3961230525736816,0.44927920114329345,-0.32062130882591827,-1.1440953209453335,0.36910441733714594,-0.7118195496351032,0.5342510946806754,-0.6945908026695864,-0.6453858322813152,0.46061868797945404,0.6434227470389682,0.312551922537935,0.4969675252066454,-0.1496695103107162,-0.40765934972259654,0.13100475801027922,-0.5112906499067498,-0.38950228438707174,0.1564356992532256,-0.7048313945349927,-0.4084294676167995,0.2296075669057376
2.2825538470994435,-1.3366873328681856,-0.9929371939586709,-1.7583885647992354,-1.0752706028670254,1.357102979060214,-1.2030556705800945,0.8590878670059314,-0.3109125174347105,-0.19796000112978993,0.5106889684005571,-0.5251691616244576,1.0334330559747886,-0.8796388190357896,0.40194070787112873,0.1782747626478256,0.3427131166667056,0.7503469598882614,-0.22081032751379215,0.34478078216390223,0.14742422614138673,0.31888115854271065,0.14710451624727117,0.6916388733945966,-0.058852357257365165,0.532125375213527
4.476903354223248,-0.6753581450362363,-1.3092918106933793,-0.912916553404935,-0.2796176615177837,-0.6287034095412937,-0.4354664161046795,-0.22592467571677805,-0.7626689160028279,0.6562701447150493,0.28430459885522996,-0.37854055810385095,1.2571227795726723,-0.6648710399596841,-0.9065360839344012,-0.13481171752943846,-0.24104446059091347,0.5683024189699476,1.0100880542133759,-0.17865283597589895,-0.08774546338277084,-0.6214627248267511,-0.4558777664470321,-0.5497499059850184,0.48329306545032225,0.1887848905084809
-4.056090477096922,0.6792281034653168,-1.4533800493896039,1.001084324587803,-0.08419460840437652,-0.6790296992275218,0.9048908697021474,-0.6374646226008499,-0.398676127570351,1.0919322917419083,0.6151793561241584,1.1114371381954784,0.6875571917779879,-0.7795081216870546,1.7022756948034903,-0.22657202298872794,0.17868941446856715,1.2821905604932624,-0.5002534228781014,-0.3191121575682552,0.8736185551007418,0.3914439939766394,-0.36624028461330577,-0.2624734745397652,1.0306224149597196,0.6487733947050651
9.037315748741388,0.06705808393746254,-2.239247892600871,1.9458097922706175,2.1123530652683886,0.9522598666106169,0.7774931334079624,-0.4972795480306911,-0.21841669828050692,-0.4273830757711567,-0.5509791793468064,1.2023635772165646,0.6586589894819819,1.260834996833105,2.4911508919379792,2.840838720370759,1.1195135183535623,-0.0757315990212378,0.07536629751030514,-1.4828877092349142,-0.8341432754686271,1.1909671638702515,2.222883529227438,0.6448224259467118,-0.3179319861297378,1.6451008801075848
9.176775806390205,-2.688845559062309,-2.4703537835670484,1.9275308343144608,0.36048735746019733,1.5143389364509243,-0.5032184055741743,0.14689851004448085,0.1884621362928708,0.6598325561900992,0.44504686139442273,-1.0724001083782688,-1.763129825070768,-1.1428369899713866,0.5412563598597853,-0.48662170124840926,-0.2795174869047848,-0.7180266180506765,-0.11467572885636611,0.7793595638850561,-0.23611607284211433,-0.40944837697162056,0.8796730793244484,0.43148212677848446,1.4810708153235639,0.33914946788024214
-2.3857536833325335,0.7984352794985738,-0.2758925448628098,0.5129024933430663,0.08192586174237598,0.07511128348719742,-0.45249320073074983,-0.038612492117743404,0.1163378982396197,-0.15152200572313984,-0.5081564710662735,0.42747084096739235,0.6805142823666466,-0.8902772380280415,-0.9394147168970544,0.3094754750600354,-0.475866429158109,-0.5620877979548328,-0.09258111053047187,0.030078427694293693,-0.03654198745521368,0.1531356763292813,0.09012617241006438,-0.44873805947607887,-0.1439310045075911,0.5644510270457394
-3.3963626112386818,-3.0601007569913516,-0.8500918930351525,-1.879984011486508,-3.949978728707139,3.991133710146342,8.975582344114057,-1.7734298304460832,-0.9661405435704232,-0.3470366099608397,-0.6185204441656642,-0.04545684218655337,-0.04395481817593464,1.1693069036926502,-1.4710017382472562,0.11019814205099253,0.28477175675606625,-0.4165414769572015,-0.6179506330862998,-0.4465897965539676,-0.32208420676562466,-0.7312007391189412,-0.42708731701960473,0.17139025154413376,0.0688385599918367,0.05489351788538205
-1.0392767701146315,1.3600775013251478,0.23981620412396001,-0.6782873707884868,0.4777528352874369,0.13687140249199012,-0.12750870179291254,0.6819392952295157,0.13730842124441706,-0.47566731009412494,-1.1722033787232315,0.41011581138419073,0.6750230012086454,-0.6402878772595304,-0.7044038003404361,0.10462689651227262,0.13379827339829098,0.30177491517541494,-0.0562385564975926,-0.33798631951449026,-0.3498818253090115,-0.3952949463635709,0.4660147557665414,-0.38729273566021744,-0.09675698664469505,0.056570990070677674
4.401647898008719,-0.2924771273655656,0.9361712881818054,0.41450022476225,-0.9182991028512861,0.9008447710845122,-0.8751735435534446,-0.6866988530565755,1.1842922571963632,-0.061365694660534695,0.31193113786930976,-0.018126646277450247,-0.02488196444449753,0.6403005922132049,-0.4629722778322521,-0.36342935910365676,0.013772939555782049,0.8674694976900013,1.2223707190044708,0.08642883981777215,0.4277860476376971,0.3900718257818004,0.7812742736797215,0.1618666751438601,0.6734852735266876,-0.009430669015183971
7.656117169383987,-0.8535233246592921,-2.983031846860611,-0.1318542449643692,1.1805453740027827,-1.540358731551462,1.157119397399132,0.8198007965660964,1.9330833871811675,0.4311704955896769,-1.2642345543837354,1.5659741855097202,1.0105393980152872,1.7686424550407627,0.5116781366158853,0.9535331228800759,0.5893371404060417,-0.4313014197355097,-0.05650015869875055,0.9047113660332142,0.7638467003930862,-0.737071569115742,-0.7518144381673635,-0.07254217661671111,-0.5030007004190917,0.07774074801307518
5.282079763949285,-2.630948070884706,-0.9517481732709543,2.3256903315100415,3.6970639996524484,-2.1310730595631275,1.5993551914354454,0.6998909669708957,0.34172101581181835,-1.7355242987562371,-2.8149946164504835,-0.2011204059755269,1.1255368618009607,0.03933050203064073,-0.01464474174806036,-0.5109292809222866,-0.16318516718715764,-0.4247885620964635,-0.7149692120705138,1.0556537292778934,-0.2528021357840051,-0.3864408444562858,0.10757426729452524,0.06288703528493773,0.5691046855380616,0.3185314013165949
-2.6293076717297588,2.4414944664490554,-1.1074094915532111,-1.1939506936065158,1.218627987749576,-0.23514942683499598,-0.3331946323129826,-0.2867972062576394,-0.7652494507991917,-0.21620374311889476,-0.5696978687015234,0.8405119021368648,0.7263453737425822,-0.7367735067423522,-1.0705042829544924,0.5605994678050529,-0.3586710331288296,-1.121671194058121,0.37995706849739064,-0.07499545052899258,0.09596832995507927,0.2973432922473776,-0.41751812528636817,-0.3873114635663251,0.5765253341325793,-0.5756516402631733
3.803544389719582,-1.0854965051594083,-1.0659264725110433,-0.39119644695408545,-0.9553740935164057,0.32277581905235087,-0.9375497393496977,-0.292769102398559,0.4821518910738187,0.10869371738014294,-0.6463381315457365,-0.20009681317908026,-0.838348754578687,-1.2627862681386355,-0.07199037258028995,-0.40884428965591474,-0.5652493781276985,0.48821046048809896,-0.04488244494911473,-0.32345109035121644,0.7901257542707034,-0.4145506091639182,0.32650294313786915,-0.24129672981649966,-0.2541362308372397,0.594872160843037
-1.9935656219107316,0.5293315524520225,-0.30079271518619066,-0.512708840595928,-0.09873037640937044,-0.015184308426891965,-0.6480842810007891,-0.7669955750636549,-0.18994000764423447,0.43055475451074615,0.22510309003774698,0.8441510020371512,0.5836489563873604,0.8855174105886945,0.40011316915845274,-1.133527221732175,0.8078184883941306,1.1686939924040542,-0.22307968031196004,-0.1735749180241932,-0.20048585835191438,0.11606245674109777,-0.2016019322837992,-0.4361356894674964,0.7460819362365825,0.04225701730352939
-2.387531112135885,1.387935627256305,-1.2165451990667293,0.7040299437787402,-0.46824552616630666,-1.016943906282106,-0.024683948994274348,-0.5574829841243363,-1.6134531546965687,-0.18096775717713942,0.7373989381638397,-0.5342730482697746,-0.14052562333845933,0.9791672536247169,0.4932824146020492,-0.6855341069941389,1.9335476493333468,-1.6503148453084973,1.279116061459952,-0.5653036586349354,0.8356093925788881,0.4962107472410512,-0.6293689750119842,-0.9447815760082274,0.2597623282631519,-0.6497125019247503
-2.785012458821132,0.8745124390460509,0.002809008989518301,0.4567593725574911,-0.40927828864433907,0.14373899335618154,-0.7972161201073533,-0.2450315772062621,0.8478493094762707,0.2571273576160306,0.0750344034176586,-0.07707242321380725,-0.14092427150025807,3.628782001834105e-07,-0.7812607531918782,-0.2842817010847952,-0.7035360014106697,-0.14222813291754105,0.20619413251561008,0.09319125205717439,0.24558154980105704,0.4518843132277574,0.3324264968252376,0.24600292426672093,-0.45375497257676983,0.5753685116435812
-3.2014410236826656,-0.14352436896555437,-0.9225686861662902,0.4882073408433854,-0.831477777042348,-0.43393698525345414,-0.5646185039690261,0.3553660286694464,-0.10519092067585667,0.037258257514997034,0.6436987576187214,-0.20613572078619044,-0.06818523632666544,0.37966016353067633,-0.37443073575396274,-0.49975150745128405,-0.5385406266098971,-0.5054733750930942,0.3400510834567843,-0.28178743469107814,-0.16347221920792998,0.3203481356983212,0.4122509801320633,-0.2812428404150507,-0.7500567319619574,0.5786111610192061
-4.0749456758522005,1.101068970700054,-2.2652030736934727,-0.2000359220516403,0.7955736955218464,-1.0200565875916703,-0.45703693630086706,-0.7578756895603909,-0.8347150512273876,-0.06754576524342902,0.7865859027617065,0.4442135884085178,-0.40095187823973955,0.4098293723071985,-1.1317259977906644,0.20634634265219995,-0.39549263296760434,-0.00312642895555067,0.19830442048927913,-0.2675957198360547,0.11598002494120768,-0.5537482792815718,0.21549744516338426,0.1427974594504345,-0.2981132402523782,0.14626954462088157
-2.1674268503837992,1.5141091801125581,1.3784185298882274,-0.8079635387996622,-0.0971755757182965,-0.1665641464975669,0.31408467901678594,-0.25030681548481815,0.6540280498258404,-2.1040889214478464,1.3409997979994894,0.5940362782921681,-0.7028764391716407,-0.3091512053014162,0.14716921283779913,0.9923607333716492,0.16784823104675842,-1.2835470312842632,0.2619436355291121,0.26411574053163483,-0.44699993539751826,0.1518903653802117,-0.4093287180097849,-1.0137036106656927,-0.8198635843129534,0.7738856697857589
-1.1310878282305232,0.1231590082124141,0.03378147380231973,-0.50890680549683,0.24960036721252007,1.2662813854296318,-1.2759702466948901,0.1524642913857603,-0.5818715295958476,-0.5017633315727863,-1.3642251697561203,-0.4287556645345469,-0.732395528763655,-1.1871853952391096,-0.005048079333754174,0.7145561707287132,0.3366111673394084,-0.37756664175870736,0.46218662463313165,-0.16113314804628287,0.3069208733995103,-0.28173348382277147,0.2551153743211031,-0.17306516039010686,-0.38747956445993137,0.18416310992567572
-1.0479342697344822,0.9801237912737015,-0.3959829823525503,-0.4808344795179146,0.7900495344146052,0.4073983582826864,-0.5578754332860217,0.8416046928976568,-1.4502051929560225,-0.9669677557928873,-1.5350400127727744,-0.3542954258966848,-0.2030095230267999,-0.40134856988050627,-0.11790689536947024,0.46928558146589083,0.25177635857245756,-0.7081745962182413,-0.10400996320833267,0.5220101782530767,0.2869265007530623,-0.10153366616931796,0.17054683081394623,0.45928134393925063,0.38591347781772095,0.15145479994457517
0.5749231378335415,-0.3618996270491735,3.4288228610421765,-0.39146717924415014,-0.23963275915213775,1.3639834430230433,0.08761621637438417,1.013403728434521,0.5613303765791702,-0.40722828977013237,-0.6766933889231328,-0.30100178218133133,0.513062912657066,-1.0436119425892134,-0.20331923824212048,0.47903627534425136,-0.314280452669918,0.05058402188036656,-0.09967502870816033,0.09664330270237471,0.9110765352453233,0.4742169578707453,-0.03812407682898275,0.8508731321810991,0.7334067600333029,-0.24505259964366696
0.37873644500203946,1.8949927126353039,-0.31359930740886627,0.7800306356845561,-0.23655544286565164,1.4910379173137516,-1.1112612825734898,-0.08962069426873241,-1.6111116663645682,-0.8533977400487073,-0.9373793503937665,0.02532995684550064,0.13380613467989333,-0.6272916443952843,0.15209500415320526,1.0324592070113485,0.47396132641782607,-0.19278988745855158,-0.05995009014940675,-0.2534788699354786,-0.3369276943719667,-0.11527249963531373,0.21798820012274794,-0.058579392654931416,-0.06758147341079554,0.05292536370095117
4.616819737495228,-3.140755427436741,0.004319434433051596,5.127303829717633,1.031381090008311,0.3157045173707005,-1.0682245122535556,-2.398605546012311,-2.528495912527074,0.7198032586902468,-0.21419098268227543,1.3971448554956956,1.0801493823814348,2.5859737652205417,-0.8434766981109375,0.5975651964552164,1.6308596461616507,-0.8966423489096492,0.6673417319072652,-0.45782413682796536,-0.7779249043914629,0.10711499070908134,0.3851968702160176,0.5954692669028664,-0.962407931583669,-1.4904227263652863
5.3273262691485925,-0.25980643400029285,-0.3009861598786677,5.0915008819546115,-1.4109374321764991,-0.0876918544267528,-0.11028629107278233,-3.7681366239115484,-1.446499012743624,-2.904596237816384,1.2577716095931488,0.3445442031150919,0.602771827384907,0.32552614389479856,0.44213225364927594,-0.6285668158434298,-0.9026318875481931,-0.797592265667892,-0.7130688363461657,0.07558930443309858,0.7396283614149075,-0.2543782976466274,0.8216355436729764,0.6755419890530847,0.6896319182585513,-0.9314598538300545
-3.623700010632227,-0.0894958082504883,-0.5117761737052081,0.31805280665279007,-0.6627674299733961,-0.41448516286096626,-0.3645285814411203,-0.25505782036603286,-0.1780220958145241,0.2388400836567553,1.5329906163959817,-0.03576071486178869,0.2737313913913686,0.4329246348379352,0.2422246593222022,-0.18649155933799325,-0.6457713956924218,-0.4955741259560155,-0.37676888907245765,0.009631070528695485,0.17712917860155308,-0.17564291454683395,0.36537378374762025,0.17198152224371047,-0.44573883498199685,0.45635354084582297
4.176030426810796,0.6088178071675124,1.3913133396115516,-0.5424622321221806,1.5141975289311924,-1.5419442856440801,1.32863660250999,-1.6826463749734,2.6539356951873763,0.5107218170751117,-0.05386525521611018,3.4223273045454268,-0.05338544103458372,1.3634851722288386,0.30584638424899335,-0.2951906652056193,0.39817927042217266,-1.8203893309709456,0.9452071499855278,0.24974390267205593,1.3402361825841376,0.6215486428160333,-0.5160063062610688,0.898741707755988,-0.4724359392149171,-0.09792448788602086
5.596760363749844,-1.1027927520807996,-2.5838264810699925,-2.459494731431823,-0.036862502301159075,0.6123958929924491,-0.3665695231762962,-0.2404941881386011,-1.8911282386377097,0.9100200853087813,1.5579171027091625,-0.5813380830917655,0.10373983064512132,-0.4007009125711368,-0.30898420213698663,0.6757905513837363,0.5718651799238702,0.48796808065001157,-0.28804951393402706,0.34965629305381674,-1.1033998915440353,0.21265172984974054,-1.5150579617252544,-0.09285249380848144,-0.015134694693518578,0.9320451904924796
0.35332092894941186,-0.010985481111232362,0.7284867945409554,-1.2851194104923989,-0.9132618783806494,-0.19175296048382995,-0.6284061726214446,0.7147479883186625,-0.2100427933976829,0.266671851556312,0.6715620557418124,0.49123802219108303,-0.004741250884162102,-0.12399716344946908,-0.21500977183821834,-0.12611754375173773,1.4735909319976896,1.0651837681613672,0.015318059113478558,-0.5826139400310569,1.2745359322641472,-0.21576236387426928,0.5352579431903133,-0.040543107477344686,0.10362326154197188,0.01979909207642963
-3.719410083173842,1.6820768446537118,-1.477947710591899,0.112378919238343,0.6276039479263968,-1.139113247996769,-0.2466895277855641,-0.6882547761915131,-0.7157176302950136,0.2479604151477013,0.7558408594475997,-0.0487400929100373,-0.2728084408711263,0.3089159157273487,-1.135836638246717,0.517145951651904,-0.6981074525468985,-0.16274834629903526,0.20944347553242684,-0.06492638562193233,0.681983106903442,-0.6113733335048427,0.3099566281989188,0.3219359045944875,0.14611420137018216,0.6056125968760666
-3.5582135875807723,1.5355181845381651,-1.2033100671641133,0.4109613149105438,0.06962102140730417,-0.3624381604285072,0.9454059330898654,-1.2363551292004056,-0.43554827837992427,0.35009891632557294,0.24894554153267562,-0.7022821472434141,-0.5433450385980174,0.009936392027450799,-0.25453850993920485,-0.290891690304838,0.1594633682282737,-0.3692065002940089,0.6733218246079571,0.0738557164574971,-0.16780187311313846,0.48653645096006687,0.10687400295294659,-0.23560780892930538,-0.29293351276555246,0.20585332138676268
1.2360150287839293,-2.491248333519867,0.44549346329444894,-2.50189501742895,3.8766526469604425,-1.5844413579150796,0.8025040318241662,-0.41599870884051726,1.216059200771232,0.08189818015591413,-1.8682234001480913,-0.47904906923831325,1.0062098808351811,-1.8554702262306164,-1.0059948772186327,-0.30146821769678284,0.0964684482391935,0.11708761085412132,0.011029420322152879,-0.45827791413047353,-1.1363641093105965,-0.24468957044417405,0.6155248178672735,-0.42075885890058307,-0.4189424947210329,-0.6055717597477129
4.039582319276835,-0.03765477625612415,0.651767865216927,0.8045743716434876,-0.11133348152577109,1.8996580469892663,-0.7820832777805203,-0.42821829225935326,0.8680743419144596,1.2733765707399045,0.5735508265634727,-0.579854288774881,-0.4545978056034005,-0.7657425061396698,-0.32670727940062094,0.07403190507684662,-0.3330188064472804,-0.13216274565447764,0.29236436792265186,-0.10891346344598538,-0.3866884192761921,0.007562220823641479,1.5134044442911276,-0.5962190471158723,0.31667735773729316,0.6159702243352823
-0.8097998880368779,0.8742500314267821,1.2015951947146961,-1.1800436292165761,-0.01377919698793677,0.2011988997441995,-0.676803738648034,-0.2741590655174334,0.17745068965509286,0.8975666540613032,-0.5068128639718352,1.035200468915595,0.5376446763808408,0.7120493200804988,-0.15451209828208848,-0.1687982761492427,-0.1886869890371326,0.8326961245231518,-0.6582403794843456,0.21762092341591346,0.01924449355629953,-0.07161884647397819,-0.09911773118267994,-0.48864912954753265,0.3762380568337439,-0.25777283658522343
-4.113448650899479,0.5848685377102454,-2.153430250539197,0.4976970116803014,-0.17829536559629236,0.2601995315193611,0.9038646773338448,-0.14353900925289179,-0.6135881798442419,0.1554109459064207,-0.5725838420808508,0.35547283418359465,-1.1543595589733344,-0.36115924872029675,0.3266438937410083,-0.10663583845753627,-0.07777842202539437,-0.04864870234342604,0.6547885023218043,0.2536560980131078,-0.42251419026655734,0.5098426879913683,0.029005538448014668,-0.1931035621069056,-0.24631564119856647,-0.2512231032893119
1.0573401637829865,0.15806489719785222,-0.931012456903859,-0.3018610997469779,-0.7454356098358621,0.28073400992142344,-0.716452117299462,0.6314314570064846,0.40288132590650166,-0.38297303647683356,-0.5892977146811135,0.805234584803786,-0.16155854147177087,-0.5111265615921909,-1.1102740012032324,-0.5651303087350282,-1.434593526493948,-1.2723317443786626,-0.0015403565448628951,0.4726215625541239,-1.105376062239097,0.34070240878984626,0.4106895343777478,-0.7145069422763061,-0.30182226954811436,0.11394450005477454
-2.056639301092263,2.1528864196176074,1.6481536434690007,0.36456894317017585,0.8506208012200003,-0.37103314224582107,-0.1923907640430445,-1.0508321944844363,0.7006551519488202,1.1767129272876278,-1.2226819631445698,-0.10290142462573167,-0.06162321916132178,0.3382626076990213,-0.6450176231635715,-0.5772515380846558,-0.08918764548303544,0.7391926765551468,0.19056620442502123,-0.1559720637656715,-0.2059041247225359,-0.4774105066500054,0.14098017945568772,0.20076887780210712,0.05986800585592219,0.14766279206616234
1.3737368878242648,0.9691696694231052,-0.6908364671486216,0.37498027200798184,-0.7171081179638262,1.5192433672678138,-1.2674708946236313,0.5403608313374237,-0.1179818253274002,-0.9392351452170261,-1.5248088690275172,0.7586395643743359,0.0483873480453364,-1.4898930265943409,-0.16928762538017078,0.9417244695756805,0.06492780487080242,0.6588416605963823,-0.7672949699140985,-0.37898097010725346,-0.608423504620276,0.4845910452115592,-0.37889797513663626,0.13016667582350747,0.1608660688243651,-0.4338290418441703
5.978040482840595,-1.4467820184635132,-0.8911719554267452,1.638003553600153,0.19017951413609904,0.13483325419847797,0.09387654494347725,-0.4119963878505953,0.5982460642767158,-1.525193579575889,-0.12198798349526108,-0.4382452167454529,0.5621607879318978,-1.7211141144736994,0.3366628607768226,0.04275169673776638,-0.8706954024058238,-0.06377507722305707,1.4116030947876756,-1.371431055358927,0.43593365000164075,0.873412501313853,1.3574562719948482,-0.018612338633274546,0.2006858164607732,-0.16183634897274404
0.3044191866444647,1.870141470460914,2.1024719988572778,0.09566687629502643,-0.24170031949004453,-1.1762664823093123,0.44368936737635467,-1.2049836143153776,-0.6033340777795877,-1.510924566826363,0.7411557173805422,-1.0502430961889326,-0.41421933362022584,1.829313274957831,0.22588689971060943,-1.0763565852266492,-1.0422204204941246,0.15753424698562807,1.1676582573647962,0.24043250782143852,-0.1477617604610332,0.23404787235535168,0.07887308164523471,0.24647118376036167,0.1553022804165638,-0.001912138927278096
5.291683235697596,1.4865126271615718,0.06334647593519968,1.1602014565617307,1.8594622024869227,1.2342418680080336,0.995922775685079,1.6904758410472305,4.177491369499362,0.5994574653120429,0.7735811684734548,0.30165625634423376,-1.3351267883686662,3.10149627332937,0.39414065469138637,1.049866391179747,-0.24431283521663233,-1.15714522184866,1.014453138479629,1.0203815017461555,0.3990347269130134,-1.3899687754701837,1.0256911685256245,-0.7760414911808173,1.840852379734262,-0.10686822199971092
1.879981645278099,0.2621202467701928,0.15592213883696204,0.38811537393106454,-0.13485241401053058,1.5664671861964377,-1.0646535830332877,-0.5919796926207314,-0.7838992634426862,-1.160455291928291,-0.5052687121669133,0.20624588453681236,0.2772414526981715,0.37366730621629174,0.5408767490145898,1.2323871912324158,0.29565445522626044,0.4234138597813709,0.10914597634987347,-0.16272447996750924,-0.016118425947917993,-0.12471163057219457,-0.1405002261437199,-0.02410225442066383,0.11266653537034073,-0.3893572266742353
-4.340548116365764,-0.12731379438768953,-1.1293185727587967,0.883501439034955,-0.8577792486312267,0.8964189940440487,0.4823391441364027,-0.6361697631362916,3.1048189381200926,-1.888900649202218,2.86059298848019,-2.226352548306414,2.5065847454285755,-0.677976042808575,1.0988162187474635,0.8605677285879977,0.4129797491492166,-0.80841073261085,-1.9584444200664202,0.7709413302135454,0.3847239739888292,-1.6983972283090183,0.4790253613782538,0.5870343530485149,-0.6702975309861553,-0.2662573153059632
-2.2288378553295125,-0.10304279751335581,-0.25668868104623555,0.17770930608062332,-0.2740094819741773,0.7105875495688793,-1.2658990751629005,0.6175716246034193,0.026778684983103523,-0.3953354032119032,-1.0013424324409317,-0.12846229224106973,-1.1630522704041477,0.5747884819320642,0.18273134587222034,-0.3452275099843661,1.1030083126769334,0.4464149408407428,-0.1578093649228982,-0.3309876046580407,-0.24764997512387021,-0.945207736618936,0.32605477756973383,0.22090985330928053,-0.653211693669885,-0.05257974521265223
-3.7281805493316136,1.8088853466068389,-3.437618643401113,0.5459798896477326,0.9904649152203132,-1.481063840546493,-0.20441403543366893,-0.20227871654000906,-0.7617195585714696,0.4879452929503431,0.6859717175589748,0.9215945674216649,0.344203233736178,0.2574103173661244,-0.727431906554521,0.7488561324247289,-0.7949102440434277,0.9241110423866034,-0.30050769215057976,-0.8211156953670938,-0.060338271246413666,-0.6018638782632549,-0.18820781984718343,0.03765373268625322,0.5116005135552846,-0.24984787825798638
0.9678610520003283,-2.503001468049558,0.11917087603273219,-2.6457832417669924,-3.1766110409279316,2.7202993390224957,5.346188952485451,0.4128244346739366,-0.24057183687402492,-0.6691160560403003,-1.4309874701594765,-0.7158891329312573,-0.30681461194804244,2.0871140409247713,-1.7391533271434112,-0.44891200704814005,-0.9915994849859305,-0.9509115893140153,-1.334076885667833,-3.242949688782411,0.19080604378324648,-0.27925327472671857,-0.5679273243056981,0.5631280372117146,0.7975196703524113,1.1204962632283186
-0.39224571915661754,-1.6090645138481088,0.25369192432066406,-1.3034376889751556,-1.0077668107927737,0.8516130652181856,0.2788602677990116,0.5079344310141282,-0.030451286101141013,-0.3726581336953831,-0.7953011655008575,-0.13426477229599398,-0.09253556622359335,0.5945970224491528,-0.7732528679381636,-0.31231092966929147,-0.13656288862815397,-0.31923991085499115,0.31991680405538603,-0.06748526664230685,0.3417935982891178,0.252175034225407,-0.2743690531757129,-0.49244596591346407,0.25502729466951535,-0.1520804090501886
-1.1835526700369738,-3.4246176095510155,3.864438571016368,-1.5463245977079887,-0.2754448432847764,-0.009488723763085358,0.30073773982447977,1.7525572220350663,0.7790457238296147,2.541674789365774,0.810490088301543,0.9378972331051639,-0.10000171730732269,-0.8394279806538648,-0.19238699714283794,0.5401132275353026,2.011107631144664,-0.9373144292073272,-1.1803753907812908,-0.16128868840110333,-0.5313983587273268,0.5383821483295163,0.22221538607232316,-0.18340882526414903,0.10598699260658372,0.07779517175984575
1.4718330994547393,-3.3315632143325415,3.1596484675620724,0.7391868030178721,2.6158332562414732,-2.250915374089341,1.2453663466645069,-0.13939509436746267,0.054194240624194395,0.810611881420237,-0.9198125128496444,-2.0099229161011416,-0.2025569181720629,0.13963975257042277,-1.499308176478213,0.8395416685301793,1.1864257711843729,0.36460804695478505,-1.654826577384512,0.4411535768091678,-0.398076140796699,1.208769787065232,0.7554250126036317,-0.08009910240391818,0.6294157005295354,-1.0098817035778316
-4.135010593214218,-0.9464352627257526,-3.0555745305862843,-0.05801840979825782,1.5551230027033158,-0.7596591952468411,-0.4862689341374918,0.34040846111816286,1.4233312268718803,0.9932309994899756,-0.8473359668165726,-0.8825742558964952,-1.7523742349697746,1.5472085250097054,-0.3045129040787508,0.36081000860259455,-0.8309392736402783,0.30241445205263046,-1.105466860039863,0.25968555914418034,0.32764460426416364,0.9397186520164835,0.30381421285366256,0.7792617796340747,-0.03975472197815029,0.39889889841624954
-3.905105921469326,1.0222684867157543,-1.5177492966779536,1.405747152189186,0.5176698067389831,-0.20945108058207923,0.06319467578669774,0.5805868889578568,0.8853119526491396,-0.7220648804558033,-0.6975389321563147,-0.7104978832560244,-2.0696959538243735,-0.2833162297142461,0.9377208032027827,1.2515241478532053,0.4014114757614666,-0.7013237428263198,-0.9390258277546871,-0.656750873963863,-0.1765045552723363,0.538539374925802,-0.4611883500276559,-0.8585502264770577,0.019803167391720427,-0.47262020687037276
-2.8724144893705748,1.5194445660500215,-2.119326101288837,0.8976104119332899,0.1413158784754916,-0.010288192608165752,0.5928148605069212,0.18607723079479924,0.1314867086909725,-0.0334600571730662,-0.520795878686954,-1.0193214335550922,-1.0806843376076762,0.4977536366512583,0.040939410956856624,1.1606649781219502,0.10393494814590314,0.1721521852806883,-1.1767593649830546,0.14729150828765347,0.0790448875286396,0.9815479989213092,-0.007635002371759047,-0.3336483442206986,0.07696415034850586,-0.6158019331254005
0.07455898672077509,-0.4137743968425158,1.7938868813598132,0.10417608930641935,-0.25460408124464395,0.44441229907121554,-0.8612585907357719,-1.5755829425645291,0.34673618105663906,0.12180591626708064,0.3755257216366314,-0.6489308452451659,0.2204848351764714,1.1747714148960395,-0.2937981391216653,0.2164792279034915,-0.460490384423877,0.45129893808662286,0.6054025300069522,0.08108363098387476,-0.3566080957075936,0.42157704282462183,-0.10148879523014713,-0.5666001291232077,-0.20996349371201734,0.11555438015879423
-3.739047791062217,-1.0281580127869498,-1.331314519510767,2.4818976594195563,-1.8499459119137984,1.2546745140856577,1.4755471406260698,-1.7767014987510252,0.8532572482630587,-0.40760026175527464,1.5939519512886133,0.1939556184789181,1.414777452509158,-0.5980913899238316,0.6419062558237333,0.24689309999793,0.8773958098246502,0.6227134491747496,-0.8496519377759413,0.3795387631047481,-0.04879591358210803,-0.024476330708384484,0.2501049072542763,-0.41229579549290707,-0.9502946471115943,0.20540997004776182
0.27304567780415145,0.015167939481696192,3.5793358583384784,2.090275117369826,0.39750765258383736,1.0856494635567961,-0.43423637412456273,-2.911052663023919,0.9291270032148116,0.24748150456656165,0.11632186845073547,0.0008876121118100717,0.5925408826811579,-0.888295244675773,-0.5911480705217221,1.7084289683772276,-0.20271840136410138,-0.08307578821492058,-0.2691368251539016,-0.49409123778347547,0.2776768375516746,0.35145277451559226,-0.7431192549290895,-0.8240510504139046,-0.10165594939523961,-0.03927714573199924
-2.0031853605761967,-2.499901105201255,1.8599024414930194,-0.050741850595238246,-0.19178315268047458,-1.0774089327877285,-0.07653497726157454,2.42582726008645,-1.454701857366211,1.085781677494399,-0.9803789192508664,-0.35181396284657535,0.8850467811984353,0.47856260722133487,1.0239739531471816,-0.4807705542664984,-1.0897021963745295,-0.1911904511913119,0.5151249769491685,0.7077249600458834,0.5586271429675524,-0.2626770324051823,0.15984239065180258,0.6266672238147971,0.5205340124377542,-0.14442965254745052
3.823557775247376,1.6414764820196617,-1.5009273527553777,-0.3767273672635175,-0.9259529834051038,0.5519419969475179,-0.5931606048135777,0.9950017925886866,-0.18727534135201457,-0.14862068298339004,-0.7338281865263406,0.18506735430386084,-0.12383559062236987,-0.09007330128641813,-0.208968363898711,0.15991440284171116,-0.1736443474799336,0.4833265389497473,-0.9170175148662112,0.3933546977080961,-0.6853216099175278,-0.5646145147905131,-0.6949132036387162,0.3882553572055759,-0.13898006793961923,-0.8557789815280985
2.409904050302386,1.8361587422918875,-1.6360659392309322,0.7556267641393994,-0.612393234810303,0.20374446121459633,-0.39463158307421187,1.446914863648015,0.9330183728507159,0.09984712576384577,-0.961662495482783,-0.1384442394846426,-1.3466444006975238,0.5585698942339179,-0.543438470599347,1.0927477866790982,-0.638068258666657,-0.024751328870499398,-1.909758249563019,0.9841140217369683,0.2367716695638267,-0.3847583012600632,-1.1891171809743892,-1.1939690295095273,-0.0854038931671444,-0.17095808387949063
-4.81958235122439,-1.3547958665577435,-1.294332307240425,0.9236078810710259,-0.6308546661628921,0.4609133023307461,0.54391744038035,-0.6230499465047105,0.6925537462782506,0.4210397787139166,0.9479143887748496,0.34663047157437527,0.2998678624053588,-0.15898921513011482,2.3135588262637734,-1.2065222744590207,0.5010124412173949,-0.08080520883806051,0.18893378544083722,-0.17164811518451084,-0.22925329605204298,0.891203267915821,-0.3711868348798922,-1.3495267330144698,0.95571088877457,0.4080350634750589
-3.3870445164731176,-4.7250901480275305,1.4873350647043202,2.5110227428657437,0.1312570935294875,-2.1787974269712307,0.026085526649109674,1.0602233798372231,-0.09620771903329761,-0.0692112631638606,1.2897155206899888,1.7377312453582723,-0.7096491312489683,-0.8965876219511324,-0.8162932830001264,0.8442040452281108,0.4267292785476586,0.06377406423108027,-0.11299462515887831,0.041144234765009675,-1.1021087110579588,-0.6154141364591565,-0.27543042396646794,-0.13047248241860623,0.5330728825801829,0.2889231008368412
0.7813931057036128,0.8796755497411977,1.818838788332118,-2.091101783456226,-1.4398151527955063,-0.07664944617109094,-0.5642046210487459,1.561914245962482,-1.6386249086287445,-0.3471956731103216,0.14017666880561258,1.1104360478245612,0.14382838876650808,0.6290947124610803,0.7299033185950947,0.7918924817263036,0.024699222827411545,1.068815499399558,-0.7193552258030861,0.11449542431924584,0.30455329000978754,0.2224040918260687,0.18982218829437714,-0.4202842549559186,0.05801753961085003,-0.030600175894684056
1.3239689879872407,0.6011595667728118,1.0003271010063917,-1.5643109621260924,-0.9298151718502343,-0.3597887616319498,-0.3613965221951122,0.4883636239673778,-1.6325462541408415,1.6493164698752636,-0.012677075256322941,1.1694096400672624,0.7145764515424922,0.5967274581551285,0.17494767321227472,-0.03743643312821586,-1.2073678869776105,-0.3973177594339636,-1.3109329488024297,0.4530655891452164,0.4844304277150844,0.7747597460221795,0.27514807175460937,0.09355110182890558,-0.6525187254331457,-0.5902967524747844
-2.373576629579666,1.6262409299296083,-0.9316083791053181,-0.36042705626779475,0.046974969695032474,-0.24325588428963624,-0.7981474785676762,-0.38558405702455906,-0.6168371475718962,0.5048396257038952,-0.22418069917008357,0.5949640031494806,-0.22629302095311082,0.1464733463995462,-0.93208946176167,-0.47703134786282353,-0.43143121110715865,-0.46792025005729565,0.07772715287640691,0.10593217760462507,-0.1583282435538592,0.18407898063508435,0.3049557791984512,-0.24679418887173007,-0.11214145155665801,0.42558561169470066
-1.2903662926096182,1.9087740380006395,2.4202911529988897,2.709632931624261,-1.8435624860958413,0.9999525914976102,0.11564754991388523,1.094959867774522,2.7328404215016633,-0.8852473758008081,1.0491991463833572,-1.0582510432698267,2.638370796556951,-0.9386565400963572,-0.04794219054081198,0.5855543973566643,0.8468381799293073,0.3817943810882487,-0.6017593544731484,0.16596151904000764,0.003108077170291732,-1.6360085301880962,-0.3605453264894692,-0.01633312328109697,0.1231435725121063,0.19940954919417367
4.126978430947024,3.8091326764384346,4.037891022501024,-2.407026939352736,1.9534710226690872,-2.509940731258789,2.478069174633131,-2.9411140848519706,0.42425116720156,0.6344937468794044,1.448697851007867,1.1184343924853186,-1.5076515864837383,-0.06973387863823986,1.181045182071421,-0.3711880511861741,-0.8633319322000557,0.8414835329894137,-1.2737878266677913,-0.8331868228589575,-0.9223049890172786,-0.5630256225953854,0.06530759908785075,-0.1724460415660108,-0.8092329214179683,-0.4534928131952
7.255157231814324,6.8666298950601865,1.190588015903374,6.999551060021028,-4.099284222471397,-0.9873448914426997,0.48559675075024367,2.2616872531784296,1.6428546351276192,3.756290634167239,-0.7316448179684375,-0.8754017747882639,1.3604680017691508,0.862971429121539,-1.466560762609693,0.23117517055375358,-0.2046006993752732,0.19262991841363583,-0.2362562328179719,-0.062202724852186274,-1.0348568215714498,0.39847450842772597,-0.3681402172242479,-0.4151044641216757,-0.18331420105317464,0.2061944835915207
-1.50072452116584,1.0293636401590827,-0.8477272801727086,-0.3367890940151723,0.5381530220781217,-0.42707928367369313,-0.5882891134494267,0.955066457843681,0.749298560614432,0.25126735999922517,-1.1335940546908048,-0.7231247800539617,-1.1997373698718845,1.3205062308746052,-0.2958393014255827,0.7179604905031056,-0.021447098107875227,0.9860891643563783,-0.6104826699420486,-0.3078481002297385,-0.12898081437695097,-0.08270142270579951,0.3774811644450312,-0.4271351328890544,-0.030983234083305736,-0.41333068602670475
-4.542767163555313,-0.7153556702111573,-3.632981455983024,1.8212906867029,2.069383719939841,-1.2050769475893464,-0.29285592503009156,0.2278014918482879,1.3101395202470276,2.0876682335985706,-1.3173080403233504,-0.5665275492194378,-1.6934550769625658,0.3402967726928396,0.3367662384371323,0.7163198283640801,-1.0363315750516204,1.0021098818940808,-0.9162357822005051,-1.2843207081125363,-0.2795003044665793,0.7320105963965562,-0.25676510530105495,1.1995414829728546,-0.46902857981492485,-0.5452343517164475
-6.234107111345197,-2.5414760555711613,-3.736997207072261,0.5965741255369694,1.315494185229525,0.38771860147215426,-0.3707116214662459,-1.3010753355658846,1.5888817047643125,1.2939820183122273,-0.3077696638170771,-0.3851687263483755,0.6419498540986223,-0.29089950870128156,2.0359837955898796,-2.775778866354448,1.1582992076431975,-0.7465176695387987,-1.0424882893645862,0.019853403226405976,0.24854113100383476,1.0383466136139885,-0.14886668776562056,-0.7091518833392523,1.086616757245867,-0.057513174093813076
6.036991178063243,-0.1280409384150793,-2.425244834849188,-1.2759919914085132,0.5517275694331336,-2.048879138808147,1.4156849074805293,1.8743990460516158,1.6711035332352404,-0.3949487842597211,0.0007195141710150684,-1.2934456218694041,0.3160361729178029,0.48849826119340384,0.9050036899070445,0.22840082528656983,-0.06168993303822387,0.5783338985184558,0.5016724281703968,-0.6341755818175839,0.21689070995471518,0.42744181931887565,-0.5185217772305362,-0.8932035523789045,-0.9758449524012847,-0.5687298728080642
5.385162114447424,0.9443396953213956,-2.093821079647272,-1.8614612642485822,0.5821450700904857,-1.3663631489263983,1.2894113623525676,1.5510488273461542,0.9025439703176702,-0.6978053701033549,0.12099390713395865,0.15522418453594747,0.8353832952813177,-0.7373458510153614,0.624248278417065,-1.0468212787011022,-0.7267254123458334,-0.339086082545655,0.8517081447998882,-0.5280188502794931,-1.1696296922470362,0.9234426654900756,0.1914682651924489,0.3370741895469063,-0.9772837755757091,0.33787707403729006
-1.7457789723166042,-1.8649588010692546,1.1565333271498817,0.5177200282672495,-1.0092717964851134,-0.3629176471228323,-0.20402228555529517,1.317924097121762,1.0864232950987998,-0.06890554552447216,0.3940693862643235,-0.6995993476381804,1.8657644613337259,0.6225808828061403,-0.36361756034536424,-0.14614021255090345,0.43596867036235,0.06482899067890743,0.7418034001545732,0.0875730983110601,-0.3700022233893709,-0.49031035453164495,-0.1769749826187482,-0.23372936121198118,-0.16893360616137806,-0.6264173893269133
-1.0292887401090025,-0.6571033086632263,1.1825091149556595,-0.050911623733884075,-1.002172998451751,0.32718122333124944,-1.2929384674684732,0.13190328821183475,0.880788581667093,-0.717682038241337,-0.35091239536839214,-0.5218904906912232,0.03169420352779568,1.6211044061860727,-0.5281024322173945,-0.9041098887931849,0.11994812217584597,1.1597389221022643,1.1495326130744516,0.13586385568611936,-0.653226344476338,0.2663769183735249,-0.3990804884711046,0.1411480809586176,-0.5934383858249029,0.17762777947843683
6.064095151858782,-1.6148391294126871,-1.0500325527160244,2.435468546364021,-1.4041150879794817,1.3193389740793462,-1.6525004187197323,-2.4288554163525298,-1.006425195790237,-0.29369628266482956,0.5228451142947981,0.931916589608149,-0.6189703926629556,-0.8076792867110073,-0.5056411059545072,-0.47567081288419144,-1.0827554489994329,0.6201625903430984,-0.28820677834815983,-0.7297361678987512,0.06490341418623323,-0.6276453872418053,0.5284272678303392,-0.19982559911279718,0.4983769843471727,-0.8080565495924629
-3.2035251437605377,-0.32293200856825643,-0.9489581127069289,0.26805758538821733,0.3985315000642011,0.0618275956878714,-1.136524204641408,0.7669926653168035,0.8700170716796704,-0.43375310594974736,-1.32115378373688,-0.5471520774087894,-0.4110884005033926,0.3639364720287747,-0.8120946531595363,-0.7366838019743371,0.4063126589045055,0.10336904234129352,0.7640407959969204,-0.37571128903895096,-0.36090541749889904,-0.5899936915519505,0.39744612744113633,-0.4407430305869037,-0.7507180640797657,0.1827158837965442
3.6863363826305666,-1.8426158829174457,1.005108851392241,-0.45899414567966057,0.19537234247129692,0.2956121611383036,-0.5837350495627404,-1.4448000232587337,-0.13676840109612662,-0.34915425091747687,-0.060806950349157715,-0.49266753724063106,-0.4958635004178611,-0.5622007559460297,0.3826208572282122,0.428752834483027,0.14883523618069897,0.11103733736722779,0.6553672276237389,0.13513961256975007,0.05605466666473396,-0.08749564716591932,-0.9727287428997472,-0.4964969616538667,-0.8184195349664188,0.14492102647790686
-1.3435862978455453,1.21249049710855,0.6554689251730231,-0.15681588095750185,-1.3150712139084721,0.7895355920300366,-0.8413918106408533,0.38441071524382625,0.7884179007373172,-0.818383648333129,0.1670395943286855,-0.041920155247658956,0.05759093855065888,0.35271238408723876,0.10755371846590546,-0.3348980667756848,0.34145104309702584,0.2631750478639668,-0.21513731147051476,0.2556949051130276,-0.5320795405899225,0.13518774037734088,0.25262745012531657,0.6963040642086251,-0.38554828267884084,0.2501206897613166
-1.7176658985009965,0.7265957304643946,-0.6429572013062953,-0.366046115574772,-0.02571184490112465,0.8096236437230009,0.015372182129191331,0.8358214172153059,-1.6290631945622691,-0.17195486243283997,-1.4235012492586605,-1.0926828767167605,-0.12931289320446848,-0.46400394389602373,0.028328298360502276,0.59023821227224,0.4719135070950677,-1.2904136817559972,1.0291472545831355,0.19947038881955254,0.7806173236942131,-0.27100862788994273,0.03593957343704436,0.1732360015702965,0.30757164288500055,0.35134167837290636
-0.19089540907534475,1.4488292987944762,0.7523321663869682,0.6065524810805025,-1.660307282856492,0.8576834920938244,-1.3402052234922166,-0.00931229071360101,-0.5700983879664109,-0.1768129413364146,-0.20967274952684897,-0.3511703211459651,-0.4839686411417088,0.41468728167950236,0.030426888321639835,0.018022514082198474,-0.039609208888586704,0.2854388348803794,0.5495986566573492,0.22873252623102128,-0.44740476362360965,0.18039907603218322,-0.2605927507276326,-0.1049264670154586,0.0013958800177037247,0.48392475014206393
-1.3727068579063242,-2.111348689651697,2.7338865254480824,0.21437356569980084,-1.2961600443075025,-0.6553280221487975,0.23127321297375353,3.1394776694992097,-2.16050206082693,1.9283195084526008,-0.5449293128180578,0.10418917030720043,0.25131626678479546,-0.17725768601789438,2.8167412357919845,-0.3688071173241752,-2.045404001125612,-1.2258814427545794,-1.2194325068772074,0.27329695100796897,-0.3596900737178031,-0.23414025153415538,0.5825502240148154,-0.4115981159091772,-0.3736938183411111,0.0032660767902781035
-0.4286297574083088,1.8444110422899058,1.5568563149882786,-0.659508619315079,0.045121058535875586,-0.009718239889451832,-0.28839913252688304,-0.8531892780546877,-0.06646157330115954,0.7701188566018125,-0.04942121242190731,0.13451656310602017,0.6483679691711673,0.008033068522342085,0.2739608065872596,-0.16747609773526115,0.6150656944141347,0.9417706830303014,0.35366403350502357,-0.4075588789604929,-0.6593470362267727,-0.46998733298280343,0.042916140743075974,-0.1370271299617079,0.6926368220921161,0.5663129192850362
-0.7835031203682323,-0.17875139129038542,0.889619663538822,-1.147345212486514,-0.34836900464228787,-0.196313801244475,0.1432311633744843,-0.5401272619500993,0.46319416677971453,-1.057399981720901,0.8848060465734918,-0.5379968242491974,0.2250127548850809,-0.5604288445291802,0.1501928575286745,-0.13119593661121928,-0.005879328961702749,-0.30507165438057854,-0.13356984636957475,-0.14855267634258496,0.4860356028654244,0.19787453806353106,0.04801917362736752,-0.4916923420638237,-0.8891873796434483,0.5616024410521031
6.514589271336508,1.396445878784749,-1.4610380555464042,0.18842402743021078,0.6029002877796049,-0.8828637438726337,1.3330479600176992,1.3795887968812763,-1.7739044056550302,0.29151664287172613,1.0034713571695169,-1.1642039630380419,0.21649545084691915,-0.03747851464847712,1.1878344544038202,0.8156662386186226,0.5763787751488462,-0.17451717240102976,-0.33047927373589525,-0.13156655272037202,-1.1294604290357142,0.15302893913652255,-0.15998720519014162,-0.3814158357791429,-0.0212530902371343,0.7748280641408003
2.6032388808264724,-1.9362605789271041,-0.43132664449047264,-2.2101968236115446,-0.8301260591800083,-0.6148818515205202,-0.4040367972850121,0.8819615670303156,0.2664061744995069,-0.5701210213567823,1.2402577070363556,0.9158067962460755,-0.0016106811951629967,0.5768677314749758,-0.9972469959844106,-0.4640312606224418,1.0105588998414576,1.3302934943375242,0.19715188225894417,-0.31971482354332675,0.9470445140948064,0.1973210832323004,-0.06185389969586974,-0.21740946058710117,-0.3117861708591707,-0.2828783109654783
1.8521236849811085,2.863277576935257,0.6830463880325609,-1.7134058430767876,1.6922168659851393,-2.035129460195293,1.553056258751675,-1.4444212868854716,-0.3297550013588249,0.6255924789923489,0.27716263211655057,-0.6426436297133399,0.4678993292013696,-0.3342813108241444,0.6652049588733493,-0.516929510317542,-0.06764565463468604,0.7049491763274041,-0.3870774831519674,-0.5346628843340935,0.3199753417978817,0.08300040492258376,-0.3225573951488803,-0.1686909536075972,-0.10089485617780493,-1.0805239470340673
1.0592356150935622,0.9114546662759294,-0.1414603355015992,-5.221170954711531,0.5331187199907258,0.31429311275377714,0.4744785382071738,0.5413196716605003,0.40988774952187196,-2.3526525969921828,1.4746665376095573,1.2469781200013157,0.625262299289153,-0.007520455598205648,0.5917325680385719,0.7233843252723282,-0.7569660366932845,-0.7925900149397247,0.408140821046138,0.6792507509414201,-0.7804601681621086,0.2853988056616497,0.4524818005783182,0.1965121811522045,0.4153122282443695,-1.3971948820631688
-4.947094166471929,0.5742300842934936,-1.49817597935193,0.14374751490939966,0.36693567176566094,-0.5688509527432208,-0.13548500081876264,0.09671505248761239,-0.47914248019645317,-0.7773269241760851,0.511392070287467,-0.1171926013816104,-1.2674665495839952,-0.37311021558496066,-0.4494063807862503,0.2835106219252818,-0.16706630080308577,-0.79156890291219,0.142173913231244,0.05813344444210165,0.9859890260223003,-0.8184158237240948,0.478044159316477,0.4921783108559263,-0.7082248219707462,0.22902932125353667
-3.753291406116202,1.5312991051624247,-1.8138144120243764,-0.23497146952465078,0.20419227804092951,-0.6267514169936503,-0.31821399406454787,0.019557513636273147,-0.4929379234915905,-0.16058052951431878,0.7825486738547454,0.5432924582104651,0.7039021230416281,0.0733092539788614,-0.6967833728481463,0.571332096620345,-0.46431086775432917,-0.18374777635103767,-0.1908125998458246,0.2225707008405754,0.46324747797211374,-0.5064668292535626,0.05895096311893086,-0.000753009727344403,0.17695799407945179,-0.015118231177179451
1.7489504493389845,0.8313037120874445,-0.9471997114010365,-1.409127568927465,1.0536984680205383,-0.41855987370059256,0.24042709820052027,0.5740806595519008,-0.9858073379274411,-0.7198427587516815,0.18402680698212223,-1.663389035911494,0.887975630073745,0.961410211449907,0.27499918197792333,0.5430698757154869,0.18392362283096966,0.21694527721229792,1.2901278950287236,-0.1884513435317727,0.4524191229517382,0.2083082803536678,0.12522994927643413,-0.5716364913788248,0.20094140686495712,-0.5466094933887515
6.657635543316088,-1.5338814594162231,-0.5795634373731883,0.9110744966912661,-1.3900239904797513,0.0892122643131933,-0.9730726149028657,-2.5878355490181444,0.07457890102021779,0.5576385133170448,0.9624051058799905,0.09631468598819741,-2.1328223924027365,0.19974703371704464,-0.12514668050674652,-0.5768412895943884,-0.5907320284784918,-0.08109797571702859,-0.42899068792339073,0.7975534457591911,0.4092786339335025,-0.397289289818404,-1.2654862954953925,-0.16103808317624949,-0.14411756942919393,-0.19165443138848176
5.130893554424309,-1.8530593570488876,-0.37653151457358763,1.4109721931032737,-0.7501627861822403,1.576525930581274,-0.3441754485816818,-1.6192589318219117,0.3502161801989139,0.5888508706346045,-0.7175540374855776,0.5386193968113017,-0.19607941698774137,-0.39421848838276174,-0.6698944067343063,-0.9697068809304861,-1.5626829157589066,-0.43352667631104935,-0.3550761838656469,-0.10241560682581939,-0.3271303849048967,-0.8830370524609169,0.3629914847691124,-0.13300662131693428,0.33311110298623775,-0.20375181828851147
-1.3523696309880855,0.9365938399073224,1.8660451014618402,-1.8570492428282326,1.3237571367316419,0.6092174791683929,-0.44930497999352614,-1.9349982053373946,-0.7676765896914282,0.3835775484716124,-0.5813371584383641,-0.15913006548229783,-0.44368523640637936,-0.4602593585476524,0.5965651799387582,0.29933897757557737,-0.002525940232621271,-0.34919881352779975,-0.20647612773018223,0.5964977244786541,-0.034796867782436604,-0.23094652766964754,-0.3949879761366825,0.4894893240505165,0.2798923519031852,0.17750134981170496
-3.957977117387907,0.7103258575300814,-3.0961299737276384,-0.3473143164197914,1.187144230321635,-1.464640476343837,-0.2916326259146037,-0.5421059155841892,-1.3744509540246463,0.01537123203769604,1.1563023940572388,0.9305847293852422,-0.0012696071633101088,0.295963996060753,-1.4804684690104655,0.6176830820291949,-0.6255736953450202,0.42063061835996907,-0.244934569048533,0.04486529818236922,-0.37688634136177923,-0.5128353302730383,-0.010185971686327835,0.7412752681359245,0.05193210728628483,-0.05757907262344891
-2.1330838434544694,-2.3832396353184873,1.9336762005139225,2.689360663375564,-0.2882199862743793,-2.2216479511516174,0.10787728189709601,1.9275100041714335,0.4200566783968657,-0.14916796039261862,-0.5899887632713292,0.9252794629933628,0.00578071811392458,-0.9099893590933891,-1.4350405011783443,-0.08084465430020436,-0.022658663923718843,0.15317855586341203,-0.3459839629262221,-0.18560276848247004,0.23325018876323783,0.048969495797004846,-0.24034580359723837,-0.18016063389305859,-0.393437182813647,0.2133574159141329
3.504002068325743,-0.1926259371802253,0.22863642156704334,0.11294339518487859,-1.872560554593521,1.27375258085974,0.11300112480590087,0.484013457105431,-0.06593547433492264,-0.34374697207580457,-0.7052855527608907,-0.20686069131994472,-0.04754050194752741,-0.44297069243870163,0.2802164126604085,0.39123815618001084,-0.46108216445379824,-1.018745897407219,0.1737981102238237,-0.9481046894878591,-0.5417472867213297,-0.07084924398887801,-0.8101994013035735,0.8217769015321608,0.5003542613786406,-0.5745967785492685
-0.9305519587248867,-0.8781161196209001,-1.16741733234044,-0.30305381764210515,0.2064144236724858,1.0262816300143391,-1.27086812171857,-0.7064026324453931,-0.341579928407113,-0.9455908549531857,-0.46489095917786616,0.4518359649106612,0.71160373957643,0.37699112985202904,0.2872277297150487,0.5016208670059309,0.3627142872956468,0.4693275235367612,-0.07551318313090337,0.10125753722256337,-0.3707003486245528,-0.01449446808107309,-0.5203227898787087,-0.2891543921294387,-0.32193698665985176,0.1374181938890609
0.2044915307672148,0.40002555266086576,-1.2316735428517815,-1.0081409007703375,1.075261583598765,1.477590996250265,-1.217809764696558,-0.10477855517994636,-0.7179764569254227,-0.6547448479569269,-0.9428120109716925,1.1624716733056402,0.7367227362430941,-0.35696006100016403,-0.397760926002966,0.3791790537560757,0.007937033601699001,0.9690525527033813,-0.42278080059102346,-0.383601241003582,-0.3944582687169294,-0.05572120492215517,0.9026000226871531,0.15000013989546357,-0.09642791462404321,0.09529075589654078
-1.216279235009072,1.32653811233369,-0.9796394107887059,-0.39031655713238644,0.6395359231993668,0.34387662582688205,-0.23258382026906432,0.5867145786582049,-0.09884570929319904,0.08292391013889265,-1.7432265846274546,0.6144253878421486,0.3414996040398539,0.18527919997838485,0.6556813329398975,-0.36081508687435315,0.8813588356758152,-1.4505829025958517,0.2534237402474177,0.5755210605304237,-0.31561365836002775,-0.5858462129386117,-0.5386815663062555,-0.2728036286320775,0.12695326440221583,0.0930596870151238
-0.3398272317409828,0.1336835981001974,-0.21081363438291442,-1.4059890659986911,-0.8315627894957418,1.5175530982547678,-0.6144087495060321,1.0347274375800146,-0.6728205402060161,-1.682490939494071,-0.18984540081063717,-0.612512215537541,-0.6981027562085563,0.20924501417868568,0.31008442450402324,0.30914044318811645,0.2707088836425759,-0.6290605132012412,0.2942213807338093,0.32549700621835087,-0.42135243489325047,-0.6184472938403698,0.07075460598749432,0.2685622631439562,0.3300708881222947,-0.2139249737742259
-2.414362996420458,0.2826313188368584,-0.12292912509880276,0.30146868232378404,-0.7772331088352928,0.14093757185180986,-0.6287688250102983,0.5028077338894499,-0.5112429504628894,0.4116206368547773,-0.10885887466576172,-0.632162890302154,-0.37052937596720154,0.8097196976285858,0.04969120999441272,-0.21207069042480173,0.19384959441763433,0.20031572566926895,0.29675035435492797,-0.11319410143303874,0.16677761193149465,-0.17259709413440982,0.07593053593553278,0.2998029530404695,-0.01942165169131505,-0.24214498560530928
-3.244430881820011,1.9630721532375983,-1.289509416612882,0.0068686288804404045,0.05604652252390834,-0.19408542374366397,-0.18978816571545384,-0.14678688084492425,-0.2144332432179434,0.3874373863173579,-0.4846590710500778,0.22482293106517034,0.05350461962953486,-0.2854093342445409,0.4749388576567832,-0.5925409688330923,0.07298214683690016,-0.3640990554202576,-0.2458523538570403,-0.046461796331224825,0.16220228404864806,0.9821324668994593,-0.25961594466295596,-0.4528516938030405,0.909002975641562,-0.00533483676068114
-4.704553272497444,-5.831875797030662,-0.27491147618373396,1.7332871576301334,0.8399180613052883,-2.2052579321896157,0.07952350499127986,1.6912553370766679,0.4724527777007503,0.3197590818520863,1.4159160967642965,0.9818830909605385,-0.8292685243392584,-0.639065759331054,0.29925896112619077,2.0009414078747056,-1.2552097661944828,0.6929705887723162,0.9818550605999069,-0.4797357530629864,-0.7670967614621209,-0.6958354736562345,-0.8313934496953277,0.956644185681018,0.18711175005800013,0.32171095531663224
-0.8547528301558075,0.6256102749538396,-0.35418048665629825,0.8201083061876638,-0.8729932595519732,0.6236952958137515,-1.2899115971925619,-0.33162184912488324,-0.7002017387619761,0.45615141279936444,-0.5562351035406828,-0.03474223280837146,-0.05110168315986612,0.864384189608105,-0.4273617495831496,-0.27987450501013095,0.3538675728847122,0.6402127294865841,-0.02639761785676124,-0.22098525485686016,-0.6365821800112356,0.28145118495111643,-0.04367188257618217,0.1286078087277416,-0.18894201430059515,0.0785972004552895
-2.444696473825935,-1.715133852746574,0.9423136437185395,0.16471239498397336,-0.6072332293032208,-0.16679148951067913,0.792095749946403,1.5005492211864004,-0.7112451294112444,0.8823199775571445,-1.0098358451748235,0.7962992978589309,0.12557954217694003,0.2862777130153113,1.4435370458839094,-0.8172433134233511,1.0087600442535014,-0.4588983817757341,0.37122290529495655,-0.31970485555172723,-0.28662201517218433,-0.4813418422966452,0.04473787368066575,-0.1274664412100797,0.3431924721983803,-0.09939104214624427
5.380801506047124,2.0700325365262606,-0.8739772242124522,-2.8619116921056698,1.0599487476538307,-2.1120874773291467,1.347789146620793,-0.37563355439721346,-0.1994201620603055,1.075588935390706,0.5896971821122358,-3.0049815191659515,-0.11429557878319874,-1.1179557412375924,0.2091316342791186,0.4199200646211653,-0.13611014489717596,0.46745290673245365,0.2381545219565767,-0.06981817098200405,0.17192949721499334,0.8004723024701228,-0.2533806730588507,0.5232746696193226,0.8325126494910873,-0.31754018924794225
-2.717687680881857,-3.2450562519249537,2.2223402748700893,1.101381821231723,1.0287750019850486,-1.9616047193653257,0.715191792964719,-0.12002950741378893,-0.30397578739792425,0.17353957616979016,0.617870653070124,0.8698663514995968,-0.6955505276177024,-1.071555005491353,-0.842614742822948,0.5188074242998079,0.37832139375312,-0.07010985768496665,0.060826952733580374,-0.04902130397734616,0.7008077346887575,0.13690835241810545,-0.15913885154706042,0.0612655588920932,0.7323189076658778,0.07627371932147492
3.175364400802335,-0.9923209599066815,-0.16832789553690747,0.6168901030660583,-0.8291012880684232,1.022372824308252,-1.3029526195232248,-1.6671981352938374,-2.1722526944830274,-0.11834795990540575,0.30536698314806415,-1.0790929266157272,-0.5486074246676742,-0.6927574063235241,0.17706992509758057,0.9557355609634645,-0.23029207290595546,-0.6246822502528937,0.37944168036317055,-0.059292930412361215,0.6109116608279288,0.31792085115134233,-0.538328727937681,0.01701089748013892,-0.043769001334965446,-0.08346506779936845
-1.01385421247136,1.0234586378080197,1.8097933794322376,-0.9098153912826618,-0.3733272611132455,-0.3736726063364543,-0.42968819313525375,-0.12020255752813754,-0.834692751764741,1.3402233338050524,-0.00997769973785748,-0.798397235999248,0.35898037405916006,0.7867101283093629,0.13160809375347032,-0.3214485068833421,0.017304708672123532,0.4401900881950326,0.20900117382460368,0.184473703111294,0.3764612221065702,-0.5269961816491358,0.20243503958014392,0.3884029169016819,0.14957415491332055,-0.29559647884288814
-1.5225698325639085,0.8261797474553132,0.7545515745219588,0.6563556243726267,-1.5538947499704985,0.049721604821367824,-0.716517957770871,0.6625718343171837,0.10643183592754325,0.1314886332830091,0.6665796712406085,-0.06843564166612347,-0.6858501184035266,0.026873967897684516,0.08376897414974585,-0.4903089262220945,0.9882046726103364,0.009788076502510281,0.60721116359734,-0.5038154507148381,-0.24426689794979753,0.07953818399124336,-0.25550304356889686,0.05136540860020118,-0.2483471665964474,-0.2485247950028769
6.657575467573533,1.66556687950778,-0.7728882434200817,0.7268817513572008,-0.9544990092008553,-0.95477183858297,0.5994327351620711,1.587590119293953,1.8591519751591605,0.9649713541897597,-0.795093050503138,1.046159274894118,0.22347548203582485,-0.9167320691764194,-0.05205900998043725,-0.021286459058910325,-0.7660290515670393,-0.14757380107785872,-0.007170778390500308,0.42768202992922216,1.3892649703122353,-0.5885207228126302,-0.8362003162246688,-0.04364547818892285,-0.03647345379689952,-0.3242968554619943
-3.4697993735447525,-3.3293759865286883,-1.781469486864207,-0.5448036978623642,1.4047285235025873,-0.26680209778728525,-0.678441174011887,-0.47446525144695934,1.4284213568703683,0.07701390798229223,0.18693128319633676,-2.0480882630010577,-0.06656189855474787,1.1206492584551473,0.19338485284138016,0.8805985843693134,1.0141391883690036,1.6680020560568245,-0.2918688521390327,-0.05710274032478864,1.7797088033838053,-0.8185426670687146,0.19807085065744715,0.19143449472743748,-0.14893630587070264,-0.1473441519911641
-2.199190736084099,0.39671761495071817,-0.05349119609889323,0.18693971955883215,-0.7026218875123444,0.24833480960621182,-0.7101814736835083,-0.21534095720779178,0.2023142979797374,-0.1426717090458127,0.3709508009116346,-0.4459520594533239,0.33172001114376487,0.3758320429958793,0.15809174876170584,-0.6426088573240312,0.5191378309285708,0.2305772446361493,-0.09770423667496636,-0.14537166505407356,-0.57840396886968,-0.14335920965004148,0.12587912534516474,0.7762821929946201,-0.5988657312365268,0.04273956693430806
-3.288964412745987,0.2824781682680587,-1.1030043055668606,-0.13153381472054337,-0.5246182064388915,-0.31395491584166424,-0.5079079121164531,-0.30255968885126955,0.3580594255717438,-0.09051261903086391,0.913770385938505,0.022293432944141347,0.249246098688244,0.3658636674439567,-0.19120058702521103,-0.7134468373738996,-0.049849804196331914,-0.2533859564724148,-0.29427677948436315,0.08350380553704909,0.15126071265998245,0.7376159514731732,0.08673261224479933,0.23561860112473118,-0.10968198977820709,0.3524167799940742
3.211275426440961,-0.08084549170840745,-0.14399371953112744,1.5253258003656325,-1.395884628239605,-1.5351785828866447,0.15685880861066978,0.955271864768679,0.8067166721227379,-2.2985471674447533,0.7155960565549583,0.4785346343710345,-1.9762375108839254,-0.2531163308156565,-0.8377353082979228,-1.7349658175803024,0.496681552796199,0.18882571103262777,0.01095862218607508,-0.4455543524695643,-0.6912416948257235,0.18892703099015978,-0.4929718250304637,-0.09164855505236588,-0.12973923394291262,-1.0834067073608462
-0.1407820100444562,0.7524811017986269,3.5492729937425302,-0.3208595814668649,1.3386122377722376,-0.774874381454627,1.1075675292082867,-2.5013179074768734,-1.1836465721455727,2.180879828581727,-0.41391352813591953,-1.186075144416099,0.19971133485582523,-0.20605171568050865,1.218159422470653,-0.5855273058231928,-0.942173659226895,-0.6311665000973882,-0.4996079702108713,-0.2513913062917436,1.2776661294731937,-0.4756722990973957,0.5076414493618342,0.6528412266994578,-0.26158393458359847,0.12011675551351415
-3.7146875404340616,1.662772427621266,-0.385370224603432,-0.18167506534890995,0.9396947739779098,-0.24773005082861413,0.4847831340740454,-1.6507047888054827,-0.03635203875178374,0.831011784718625,0.01420667180809593,-0.28440687091548655,-0.07601266211334577,0.14610720396775356,-0.32174652738923193,-0.2870401819774084,-0.23662102817823644,-0.5764173336399023,0.17049776191239382,0.29768217545345654,0.05970472572500491,0.2502909075311081,0.04349971208084769,-0.1867407977837197,0.32785859393993266,0.13961506847910485
0.21369863255120422,-0.3353762387568727,-0.023896690997331837,-1.645462167706445,-0.9154642372622918,1.0824066041815623,-1.2448665168811976,0.6449050651790647,0.7697157956819827,-1.6134839271616541,-0.3719426446919796,0.9500581500809179,0.012265406193014455,0.4637440657354586,-0.6578872998574413,-0.12031225860294079,-0.49664002460789985,0.633643754308393,-0.04236108155862721,0.6785194642662187,-0.18668718480212212,0.7482676065628233,-0.37577154901904464,0.4976924732631105,0.429072625509186,0.25802063125596547
-0.7539203380865068,0.35225435070219896,1.7409935102668859,-1.6204249264100292,0.5294293871719179,1.0091057201949283,-0.6070325523906716,-1.3214140066215545,1.4333942393078976,-0.36818911721700265,-0.3061336217999335,-0.5461707014372364,-0.5565078035766183,0.771362557282175,0.20651007881549469,-0.7342123740477127,-0.3026859339151185,-0.025889961681910982,0.275362999013677,0.9850031458579759,-0.4857862056502727,0.9155705121121442,-0.07158844343024913,1.2048306859109343,0.10831192689896064,0.29130523649951773
-1.3635766229759458,1.1442232218478476,2.508633939177723,-1.9162043895696532,0.8120003109772236,1.036462367243177,-0.24014907082398534,-0.6656424669080107,1.9150376691652893,-0.7347423359197258,-0.3066984828908106,0.06242667880488088,-0.5370351236635329,0.0575537255048753,0.3609480104187803,0.08009732561978974,-0.6719552087816459,-0.6129166426370007,0.4956023316476989,0.8079950458027899,-1.476941670069549,-0.35317783085102433,-0.06096677476673964,0.14148492137276217,-0.19508650510595052,0.4182579800469893
-0.3742272738283685,-2.880329541151203,0.12324858937918291,-0.8807247899056236,2.152285169243339,0.45065035137442067,-0.14940670093867028,0.40237907826337677,-0.7727932764086348,-0.41793398000217885,1.3085808338262848,-0.12712979551621506,0.8553460093346642,1.1981745297163537,-0.9153147098330978,-0.2853250381148657,0.19659810187062338,-0.33376490432426226,0.02134441442895274,0.7138674981013061,-1.2813877165443608,0.6450622501479448,0.6376677608014817,-0.9134956048171435,0.23242998745106988,-0.8294642724739026
-3.836611596668965,1.9485795203086242,-2.349101099853507,-1.2843753457096696,1.3307960256885887,-1.963571238472116,0.5454459070425374,-0.20629697844330416,-0.42754775017053526,-0.6367388131475357,0.9905615916327586,-0.23980876892548073,0.030393130416882463,0.1282578789047504,-1.204206496042067,0.2881337766893666,-0.3834705170910354,-0.1884264112980188,0.5186490257589278,-0.6289607051325833,0.5343952961503139,-0.2922931844363137,0.799552169987903,-0.053690977740165305,-0.4595668446996932,-0.22345858669526672
-4.4841507550647455,-0.0679696218303091,-2.9555733856826274,-0.2320655626211554,0.4119113395615679,0.17775358909531216,-0.168524835732003,-0.6184109091403803,1.0204793331973439,-0.0307701843756272,1.1756436891370152,-0.26660075803653593,0.9491836239080057,-0.5056279699520887,-0.04415842933422497,0.5823029948682951,0.06628599462920498,-0.2580295294053644,-1.0972360551324818,0.47228206275368817,-0.29226683776580703,0.40999265931930895,-0.28775455756304524,1.0440185695350936,0.05690957946878507,-0.3735000213379417
1.7781177323494401,-2.991759481881596,2.8351417716696012,1.8822513669439886,0.8380913641615544,0.9063915620426357,-0.40286621732797323,-1.1837745213729285,-0.6582091463030593,0.22250855270174189,-0.06777902210274,0.48280636008632327,0.63272029153029,0.23022249869920597,-0.8872684029988115,0.6893982064328761,0.0626195381402058,-0.8528850079426087,-1.0172980220542618,0.6846796355439084,0.8498641647289668,1.9541895506230638,-0.8211284072217484,-0.016783797730538178,-1.1497638217468096,0.15975510175016114
2.0301939183533677,0.17779815567968232,0.5524560831817454,-2.2024312423145735,0.0059870287140550826,0.22920670893093373,-0.5622988183537763,0.49200198879224893,-1.059191414327789,-0.9777688498365994,-0.3040515485011515,1.191398807393662,0.5504443702395295,1.3173333368706959,0.31717287971058933,0.50100795267463,-0.2692840896076318,1.3334319755400776,-0.28538208472843524,1.152645154106578,0.6832677039459136,0.008531414387933464,-0.578935114300121,0.04179173172352704,0.30448139161711885,0.5098979279160454
5.1934974757904016,-1.693454105165633,-2.648784258613784,-1.0940120264954951,0.02511159589314482,0.38410109424054695,-0.6022097860466958,-0.6303713893975775,-1.0385820496594074,0.28752873672256507,0.4360925379557188,-1.9238469831381304,-0.4611895707787524,0.5022900941581377,0.37373795508825114,0.08214464760492081,-0.4067192450279593,0.03713466674067467,0.26327404255620124,0.5063727702135298,-0.33546580358188577,-0.18608155789540234,-0.6911762806601051,-0.4814985010581163,0.03291080503621943,0.2956638862085668
-2.1216819040522856,-1.4877910768345348,-0.4766746195415802,0.1944323430922418,-1.3668391280367762,0.37201877594328064,-0.34462560757202726,0.4932675636970035,0.7751543998630849,-0.961394818358599,0.11610096731597118,0.38829921727868816,0.3684953334499171,0.768624098733811,0.5247471546389387,-1.1412957460836797,0.09822228915564189,-0.07588634606101276,-0.4748830920001839,-0.16184132142865815,0.42151330500793033,0.7383668045292837,0.138041902876562,-0.5560886403927632,0.11963830734117221,0.23896395222658307
2.7592139929201647,3.32111888960141,2.7427689350081494,4.322063392580335,-0.19785535776259522,-5.849836039406265,3.076707175323442,1.197385395860327,-3.127202587061604,-4.749057381924227,0.3982257269855375,-0.7658448734225752,-1.4330394091537286,-0.320820668658489,-0.7788751791809447,-1.680068222506739,1.6455506014289198,1.1796954329652547,-1.2658884310178367,0.9573335030849328,-0.1603674130110362,0.14002238679525347,0.4417656676294534,-0.08202699470324898,0.7015894993551116,1.0532005065525973
4.573901376643393,0.3887689801071098,-1.1019082488696534,-1.8276062083173497,-0.43026062166744744,-0.4369091126886102,0.06777588353329841,1.270917178853434,0.019829580045424948,-0.12410915148352906,0.11424995517969173,0.193738183815904,-0.47372185465898553,-1.0867553779208512,0.6082575791480356,-0.2728892833288047,-0.3831359149529039,0.5889161715929437,-0.7085455144562364,-0.4328804222839017,0.47925684025163223,-0.8760872679811116,0.8722992978656732,-0.14828864795414942,-0.07487834201992587,-0.7050939221496509
0.4690980145817706,1.9246840153523423,1.9150929734553752,-0.4455812768020923,-1.6243789282011893,0.8336708852792293,-0.5953119487301651,2.021999795306901,0.9234070295526354,-2.448391323347988,-0.5480614620513343,0.529022180223373,-1.943413648637638,-0.6197791102199436,0.8198643593062016,1.1532481960498155,1.01895734844875,1.036397537335672,0.17745754790364637,-0.22180073509053175,0.3996353262520783,0.6784197814623186,-0.21820955132840894,0.4883354555223004,0.21383574042764433,0.22715281065935272
-1.3560220957954006,0.2693656907015568,3.2942346436199266,0.6579042236721931,-2.263787194875013,-1.5363692205269055,0.3999974965454849,1.929589553869708,-1.7050230502044421,1.2989520503512517,1.9926415601152927,-0.3411554678501015,-0.10837572159585976,0.7178410668007736,1.930448992260511,1.900840597560086,-1.8204167276087033,0.5607512925319088,0.8684032621441414,-0.3916503521580342,-0.5204201568576493,-0.025074774527252392,0.00652647233800369,0.17103129305151932,0.04571578423145747,-0.03575560991613198
-0.7329423598728407,1.2283415518784442,2.997487565420156,-0.9283699226114642,0.020723970232751146,-0.44536354627595537,0.15444520067284861,-0.42778010367811503,0.292580666668432,0.796785268156776,0.40540726095483387,-0.6210223641787355,0.140446771550891,-0.7451442841991184,-0.5734965983730591,0.3398494125532673,0.5491889024427309,-0.3412033606965584,0.41479620564680936,-0.5201970844629328,0.9222093465935665,0.3006370464046899,0.13449785300437908,-0.023837441191484888,-0.28504745460730446,-0.41013152484696797
-1.5742418196642343,-0.5553354739136089,1.0241923509081805,-0.4167040718454786,0.6999710874957348,1.3157142392477588,-0.4619926697982036,-0.5410881277795612,-0.48794801393343046,0.29399360718750245,-0.9818359956183624,0.21353022682239095,-0.03392879577927098,-0.03934241462798575,0.2646204936932279,-0.29542176163120926,0.6099616880283041,0.7516760505831936,0.04086766968119753,-0.16063251469216833,0.43491668892420393,-0.6598017137858487,-0.4117052178001227,0.017086798998139023,-0.05527841941040805,0.3996586256206037
5.81029124954902,-0.5076845226154822,-1.1887287034833907,-2.253193503602495,0.07742451686321379,-0.1482254337440122,-0.30219369723683015,-1.0067855913734807,-0.9699700133568664,1.4674481702078095,0.7027758131682676,-0.30693071522947163,0.7637785200937306,-1.109241251417063,-0.7562973313401791,-0.5110880929407385,-0.04595232831430979,0.6420544914342543,0.19899445631084686,0.5410573168582592,-0.7239114223189725,0.10090552754271989,-1.178041423185641,0.28048353329484643,0.5753502561723113,0.24539206052822202
-1.1679142046001654,0.4279868993788118,2.7507923021341885,0.4509061223985873,-1.1118871344287835,0.38401537009701964,-0.42865680106854187,0.9585054566181416,-0.8114302318864801,0.9132928780737584,-0.9014377566643782,0.34906798061560546,-0.18445331974567059,0.6017660433481127,1.0384973505622968,-0.8987387436691914,-0.059253532632388105,0.009813682941747497,-0.1396933299736125,-0.6496395236879338,0.09573442794333846,-0.5418302314940193,0.11181199967915749,-0.6507501798736312,-0.6428754789377714,-0.6094313450648872
-3.0505822665183597,-3.1151610781691335,0.24982100784458078,1.7637764282255555,0.2801993171030276,-1.6860058107052538,0.23851201699995234,1.4331976021766477,1.0373071363309727,0.8364258156081307,0.586530718502286,-0.5594335568757932,1.3124861225288666,-0.867300278810179,-1.067080558566,0.28248437271100263,-0.9347200210775196,-0.031721255811240454,1.5183699865477176,-0.36274380655860144,0.2551706864349324,0.34877971865580587,-0.295519222341987,0.5526515784686817,0.5922804345094923,-0.16690259691659837
-4.112043026385433,1.6622311935139,-1.5108313781362859,1.2115669696558522,-1.000178370097622,0.25986438715893706,0.7672353406872525,-0.400511534174072,0.17541931872088473,0.0620352089005697,0.48992238787678366,-0.38602831083095135,0.5419607737062644,-0.5693746493224485,0.0031579085678687027,-0.18673665119651706,0.21109671514418726,-0.2662004678419665,0.05126738019453308,0.3776783413108068,0.20066558957856062,-0.02303695165542835,0.1856154174254986,0.011101077012354164,-0.07600187548877681,0.2094324243171989
-4.85504734421177,-0.3397618810536315,-2.367214268907789,1.5284927358209766,-2.898204424988551,2.4664891940848324,6.867021485880007,-1.1808381997787984,-0.5278172932315787,1.9467469392298813,-1.3085977258927743,1.1647295349741504,-1.26010489213134,-1.8746106016999426,0.49807113147955057,0.9338383898520539,0.08803785237828433,2.6565465832966333,2.524804819293488,3.383429780226196,0.05370633001209834,0.6377682539026075,1.1887258439969655,-0.22913223965683102,-0.8265734599670712,-0.9606185385058553
-2.5510410368417142,2.055134595295395,-1.532259571675419,0.0829717095970787,1.1991940711208406,0.4435760934260842,-0.4755305885982977,0.2127185238691942,0.302472958537678,0.12396324052548349,-1.3431121444536624,2.080706284818044,0.9803516959362736,-0.7031115980418015,-0.5616095883892754,-0.2706610466475079,-0.2500190253305789,-0.7193175397579246,-0.026791334116390297,-0.10656963507346708,-0.0018085322013832949,-0.20188547186733322,0.07870763915850428,-0.8612714990842262,0.600076283565039,0.18130703855000807
-0.7219135199384125,-1.9865979932775217,2.1490828687998733,-1.1743706569346593,-0.3113448474608327,-0.0816519723303119,-0.41542438708560203,1.3025635638085913,-1.6099528165487198,-0.7497681138863295,-0.6526368601370196,0.8644148460392016,-0.7968368481120911,0.0015359974417662112,0.39472758034495703,0.26949799981749484,-0.9859454633378827,-0.6606024057865778,-0.8477845845000916,0.4911764416165891,0.8885347931749302,0.9361013144724264,0.4975599816615459,-0.5560073863763425,-0.46596064313271957,0.41523215232090166
1.8922917696374304,-1.2308357718751708,-0.7025236784535727,-0.8284711993377215,-1.4802042928743961,1.2915098959864977,-0.9973431058532918,0.5853592551912045,1.5955258207073206,-1.5928547584207575,0.8894624384508382,0.9038412830353486,-1.6475256851240043,-0.8875087324017428,0.45185263362133254,-0.9411936657356949,0.25645590574980426,-0.6507755300412287,-0.12159978283994136,-0.37851849571304147,-0.8176079411178313,0.19285514414993699,0.05241155738062071,0.19459345059663744,-0.1109756147029611,-1.185233332270261
1.4436817719244557,2.7902361889531004,1.7211639673322328,4.170592945563816,10.02372577924254,9.041433103750085,2.340782957727379,5.218617872542765,-1.6991993502128686,-0.035457755329876404,3.4623940336809382,0.20833828861684836,-0.39139932502341596,-0.16066226902580225,-0.5142412072508913,-1.920862914758368,-0.6829561776913894,0.9594196934643726,0.11346255215580243,-0.34318131604032165,0.8442422214240917,0.16094007591633994,-0.9699217320712917,0.1449427268562004,-0.6519202683686556,-0.10522094014980479
-1.4776475458878258,-0.2863866582054946,-0.18005321876532887,-1.3493626147713684,-1.8289176918442611,0.7545346323601901,-0.29777881005656925,1.632168670235516,0.1401509325018004,-0.5478803668430515,0.5919064637577184,-0.6553799799329876,1.4372388451658402,0.0197726000877438,-0.1878437023068108,0.02165763645928069,-0.5778763697521353,-1.1232645354226434,-0.9820442508281937,0.6010808020593383,0.14298097470137341,0.6779066930804457,0.42999029434558567,0.5535277562953698,-0.30105159425197736,-0.41312663900117014
-0.006625946891512275,2.332029822173825,4.624805435813095,-0.3367841460673587,1.5410286543077054,0.25233315602231393,0.6255739458614362,-2.8360882845355198,1.7424052459664972,0.11047665145606558,0.9103939354136439,0.10978341912878825,-0.8772844230503289,-0.9536121320157323,-0.942810207972066,1.6100224448086524,0.31711585638736495,-0.8190590232419053,0.6634368754667942,-0.014118571335166764,-0.1993785801193364,0.3475598134708132,-0.2581730087534606,-0.5715762954531601,1.0596986208273163,0.6007375907351913
4.050385263059379,-1.843163043891861,-1.193155337243434,-2.443421592593048,1.6574328377592658,-0.2521614070043639,-0.3074448871810758,-1.3048877156737588,-0.5822083085909284,0.5527507613296081,0.35565486456028284,1.37898331925608,0.22551419937647776,0.7885583855262439,-0.2760030755291636,-0.5626256223388212,0.30490223196849475,0.2606360917741186,-0.30337845621694126,0.8638764347627917,0.11635390075374578,-0.9215263277622051,0.03790121338436288,0.009502424710289746,-0.10674741748870326,1.0040223028483322
4.115260592310462,0.3469598532357443,-0.6975681532447701,-3.0670710134298496,-1.5477421393346613,0.31980170260877583,-0.8423832649451992,2.395116519088393,-0.1927426358889316,4.874096651477907,2.7626463288163676,0.581322852084191,-1.6510637207506038,-0.7304710397297551,-1.9506702866340577,-0.5640023702989367,2.9935552842060114,-0.8773240365836676,-0.5562145263102344,0.07638809340667674,0.02580281661221739,-0.02666784683559566,1.3587912627805212,0.5952358690756591,0.0996286242101993,0.12001791220448399
